2,1006,1495108,10,487498,16.153828
2,101,1511037,64,106072,4.238918
2,1013,1866253,74,111523,33.976853
2,1046,1711361,40,179398,22.685441
2,1096,1463490,41,154405,12.334390
2,1099,121317,54,10414,2.152236
2,1101,354520,35,44359,2.794598
2,1102,293848,14,81271,4.243669
2,1110,1361967,32,177238,18.000541
2,1119,1568648,41,162685,22.067711
2,1128,501743,75,30556,11.063168
2,1146,1710973,81,96529,33.896362
2,1180,1495853,27,229255,21.060514
2,1198,1960178,56,152014,31.666610
2,1199,616068,33,81232,9.341963
2,1207,417486,80,24316,4.685501
2,1210,954424,48,83929,16.416061
2,123,1543301,43,153334,4.338667
2,1237,699905,20,151192,4.880692
2,1251,47534,74,3070,0.528820
2,1252,1430180,97,68440,32.246276
2,1268,776753,47,75328,13.398259
2,1273,1194032,52,103246,21.270896
2,1279,1060308,32,142735,15.478040
2,1284,725813,55,61246,13.628939
2,1303,1499019,50,131020,14.340889
2,1303,908671,24,145387,13.105959
2,1322,1291809,71,82882,27.245677
2,1328,361367,51,31954,7.191080
2,1329,1111212,43,114661,17.303655
2,1335,1287697,66,88492,24.242782
2,1336,854901,78,49249,17.960927
2,1346,1220224,25,213805,9.262100
2,1346,1556375,20,289651,19.878761
2,136,443913,75,27652,2.881498
2,137,680477,56,54982,3.221754
2,1385,1330975,91,67099,30.653073
2,1390,1895482,72,116800,38.963452
2,1395,1516116,35,193627,23.567472
2,1401,1614436,18,331096,12.657614
2,1403,702655,97,33820,16.830867
2,1407,254814,59,19984,2.698425
2,1411,1036556,73,63442,23.468585
2,1422,511775,85,28000,12.374013
2,1428,666126,54,56266,12.372720
2,1429,1605926,33,204001,13.339782
2,1448,64239,84,3634,1.725422
2,1453,656253,67,45034,14.065579
2,1476,914814,40,96955,8.652278
2,1488,1206045,13,339643,16.580338
2,1501,1079116,44,112798,9.429088
2,1512,619559,25,104302,10.035046
2,153,642940,35,77710,2.538327
2,1543,50493,90,2692,1.324267
2,1543,843121,75,50734,19.551748
2,1545,1101545,99,51835,14.950784
2,1546,661768,48,60742,11.969451
2,1548,79721,62,6040,1.900574
2,1569,770551,58,61204,7.777889
2,1577,1697737,76,100762,19.066409
2,1586,1724203,15,405205,23.838540
2,1591,663025,51,57592,12.873068
2,1592,1412953,68,93766,29.879718
2,1592,883175,55,71170,18.532257
2,1600,440574,99,20551,12.867818
2,1601,1851341,18,362110,14.522916
2,1612,1748984,20,317638,23.622553
2,1612,809668,27,123301,13.069432
2,1618,1083313,34,138532,19.213584
2,1618,1876490,42,184945,31.565542
2,1619,1978892,88,101503,47.022750
2,1624,1659703,55,131794,32.311112
2,1626,670704,24,113272,10.212988
2,1657,491243,10,150019,7.742312
2,166,474910,99,22159,5.001534
2,1662,1306914,84,72385,15.564849
2,1676,1132872,38,136690,19.180220
2,1676,1567555,58,124177,29.310616
2,1681,383703,51,34756,7.805515
2,1691,1206208,15,303040,17.218481
2,1697,948799,79,55717,21.986657
2,1703,582129,54,49951,11.311551
2,1708,1257724,78,73777,29.880057
2,171,653901,75,39487,4.490494
2,1718,1048604,52,90553,20.733326
2,1721,1976112,33,240337,17.907158
2,1724,1077848,65,76072,23.533622
2,1728,1441291,76,85432,33.028749
2,1728,322938,45,32980,6.432048
2,1739,1972652,63,136522,38.901963
2,1743,1194196,75,72706,28.771017
2,1744,1254320,26,202915,20.340347
2,1745,59193,40,6841,1.426360
2,1746,1771098,15,410323,24.899422
2,1766,725960,80,42328,17.525387
2,1769,1241695,55,100906,24.941864
2,1777,1804095,40,190024,18.139772
2,1789,1131805,98,53440,31.192198
2,1832,1890527,70,119116,22.026612
2,1838,1240447,15,312967,18.653719
2,1847,53438,25,9103,0.723518
2,1852,842669,49,77674,16.370845
2,1855,1245084,66,85204,13.842267
2,1855,1643639,17,355750,22.696507
2,1866,1296750,67,87040,30.946585
2,1868,1893828,75,112315,22.254829
2,1884,996727,94,48193,28.594068
2,1891,616980,38,73792,11.341206
2,1891,712224,23,135172,11.707112
2,1898,1866122,89,94468,24.824538
2,1901,1669834,16,367891,23.891632
2,1917,1424123,35,171202,13.091066
2,1944,911342,53,75505,19.127663
2,1955,1291154,22,237577,20.283496
2,1958,1072760,30,155950,19.391407
2,1983,1164466,49,107377,22.828915
2,1990,1255657,48,117124,12.910321
2,1993,1197277,100,55387,33.164022
2,2000,907643,43,89212,9.901685
2,2003,973238,42,97351,19.520916
2,2011,1652181,58,126007,20.007069
2,2027,722486,95,35473,20.740293
2,2040,1283907,32,168637,22.304587
2,2059,1123243,68,75235,25.906762
2,2066,349978,39,40771,7.545125
2,2069,1307795,97,62509,17.964175
2,2072,937025,48,84601,9.808426
2,2073,650854,73,40939,17.378106
2,2074,829829,10,311374,7.777314
2,2081,361202,76,21808,4.408159
2,2097,1282537,83,72052,32.840414
2,2106,254843,49,23722,5.620484
2,2110,436977,44,43465,9.818516
2,2117,159518,96,7762,2.308254
2,2123,423549,38,49390,8.166884
2,2126,1576417,60,116428,33.961839
2,2142,596766,41,66370,6.000729
2,2149,1898158,58,141676,22.008266
2,2156,877030,65,62383,20.098426
2,2211,1658500,80,96187,43.256415
2,2214,950276,80,53257,25.479665
2,2219,1908503,42,190417,35.862981
2,2233,1526460,80,88615,38.616797
2,225,618557,38,71125,3.300016
2,2263,1059261,59,82897,12.781010
2,2270,1345965,55,107887,28.840602
2,2272,590641,29,91726,11.532317
2,2279,1014708,32,136960,18.860685
2,229,1406489,65,95713,5.121937
2,2290,598010,77,36232,15.513802
2,2294,38911,79,2350,1.117429
2,2297,233236,14,66670,4.422846
2,230,1697024,69,109696,10.022922
2,2304,436069,76,26251,5.873050
2,2306,105620,46,10654,1.223698
2,2318,522266,13,152278,9.071937
2,2323,374447,80,21886,11.249530
2,2338,832667,52,73207,19.301409
2,2339,788345,58,60658,18.882878
2,237,1027451,28,144154,4.602824
2,2380,1150670,36,140002,23.056335
2,2382,1231392,58,96103,15.574025
2,2385,1295330,64,91297,32.201597
2,2392,1231634,96,60160,35.300772
2,2392,805540,26,124783,15.663966
2,240,1129561,51,99502,4.146785
2,2404,1912527,30,246088,34.248509
2,2408,1195931,88,62848,17.960883
2,2417,513730,23,84532,9.850772
2,2422,1309400,47,126712,25.907438
2,2430,1264374,39,146938,24.068641
2,2434,742425,44,74161,8.116643
2,2434,773969,45,75325,17.000248
2,2441,319940,46,32254,6.997328
2,2449,663023,93,33043,9.866287
2,2455,1421405,65,100771,35.409071
2,2458,44383,64,3238,0.699049
2,2463,312958,50,28918,3.524907
2,2469,1711290,69,111013,42.597101
2,2492,1702761,21,306874,28.446924
2,2495,801548,75,48931,22.512843
2,2497,849996,32,117976,8.351927
2,2499,415369,40,44845,9.523663
2,2501,1373915,85,75307,38.123931
2,2504,136054,77,8329,3.824880
2,2527,872181,16,222241,14.447845
2,2539,762715,66,53386,9.232473
2,256,759636,86,40753,7.264929
2,258,870190,38,97549,5.365659
2,2584,930944,17,220135,16.166381
2,260,659969,21,125008,3.135710
2,2613,1313007,45,128485,28.288444
2,2615,907285,75,54613,12.726892
2,2623,54917,17,13897,1.467568
2,2629,994921,94,48169,29.819183
2,2630,503646,39,54208,11.578438
2,2639,925878,65,63772,25.183603
2,2643,936595,49,83251,21.328781
2,2662,535352,17,137572,9.514137
2,2664,30610,59,2473,1.042108
2,2679,353709,60,26677,4.443765
2,268,264421,81,15229,3.697532
2,2695,1351424,67,91279,34.370204
2,2713,102502,48,9604,2.663479
2,2725,389237,37,45673,9.179077
2,2732,799888,26,122236,16.181655
2,2734,450310,88,23587,14.060378
2,2737,30232,17,7480,0.520113
2,2739,1339339,56,109942,31.343205
2,274,1919269,31,271297,7.525046
2,2743,217133,19,49540,4.433889
2,2746,1983772,85,105790,56.026973
2,2750,1672855,42,170581,35.383441
2,276,203707,92,10339,3.457920
2,2779,1985251,89,99121,56.048688
2,2780,517407,69,33913,7.077715
2,2789,1072893,45,106885,23.430685
2,2823,1333048,87,71542,38.599261
2,2831,830769,77,48622,26.462875
2,285,1686948,61,122206,10.546807
2,2850,1347509,59,105838,33.315561
2,2852,675152,23,118687,13.252386
2,2854,95817,36,11755,2.699056
2,2873,969091,11,269701,17.718015
2,2888,239299,51,21520,6.409653
2,2910,170787,29,26581,4.150322
2,2920,1563520,86,81793,23.374928
2,2927,718549,61,54082,8.944694
2,293,1552354,48,147070,8.449550
2,2937,658320,86,35842,9.393059
2,2940,699971,89,36187,22.087312
2,2942,1808382,70,114787,24.142292
2,2956,1520081,14,379324,26.531686
2,2956,1866957,61,134959,25.667779
2,2956,926005,73,56302,25.962802
2,2973,1340656,50,118897,32.308060
2,2987,242157,14,62305,5.632916
2,2992,21040,91,1141,0.878027
2,2993,1374887,95,66868,42.345870
2,3004,373353,10,145102,7.636398
2,3018,315388,74,19582,9.217922
2,3036,904996,63,64318,23.292940
2,3056,1621458,25,253255,30.947003
2,3063,713099,43,75526,17.000444
2,312,525833,59,40846,5.638299
2,3125,852150,24,141448,18.066522
2,3128,1943047,24,341887,33.347798
2,3129,1189795,93,59101,39.480237
2,3133,77002,45,7846,2.169562
2,3138,1309831,97,62860,42.705716
2,3144,958051,42,97660,22.979699
2,3146,59250,77,3649,1.931682
2,3147,688341,27,104968,14.851909
2,3166,1934318,64,134401,48.570378
2,3181,925560,95,45154,14.197688
2,3187,1614689,11,469162,28.522385
2,3197,974849,86,51019,15.946544
2,3208,752151,60,56329,21.726336
2,321,761617,22,137137,3.999674
2,321,995300,27,144721,5.857813
2,3212,1949791,62,138994,51.998804
2,3250,778661,87,40849,25.817413
2,3253,799103,99,37642,13.306641
2,3271,1170763,49,106411,14.783023
2,3277,1255883,77,74782,37.254362
2,3286,1478236,96,70663,47.046622
2,3296,784011,71,51583,22.163703
2,3300,872740,100,39700,29.485364
2,331,1716370,99,79390,17.726600
2,3312,954500,16,238834,16.679952
2,3317,1229280,55,100642,17.511906
2,3323,486855,28,70969,5.643277
2,3334,628637,50,57070,16.394023
2,3336,1572418,41,160345,18.623481
2,3355,719404,11,259189,13.218400
2,3358,1574356,62,112513,42.484865
2,3362,754316,71,48235,11.142445
2,3364,261583,18,58924,3.091272
2,3376,242429,33,33076,5.524416
2,3387,533294,28,81298,11.680043
2,3403,1154603,59,88696,16.578164
2,3405,889025,90,45658,14.538527
2,3407,1218906,58,94318,31.367680
2,3408,1742096,58,132643,23.982946
2,3417,883743,54,71359,11.748570
2,3433,1002788,61,74377,13.539075
2,3442,800587,40,89917,18.590316
2,3444,293948,74,18499,9.313227
2,3447,1142599,33,151000,12.759195
2,345,1872833,21,373255,7.219018
2,346,1880874,43,183007,10.561343
2,3471,1026389,47,93235,25.128696
2,3487,514922,63,37759,7.042165
2,3493,1167416,87,62194,36.068737
2,3500,1741177,76,102301,26.982628
2,3519,1832177,91,93373,57.273921
2,352,1533055,65,104887,12.610416
2,3550,1878406,29,259423,36.203706
2,3553,1459056,52,123175,36.653192
2,3554,1414053,67,95599,19.498502
2,3555,999344,64,70243,16.091191
2,3560,1201249,52,103075,30.499662
2,3565,1579541,23,260410,30.255772
2,357,1667520,48,151759,6.177309
2,3572,817325,75,49687,24.604691
2,358,904759,61,67420,5.070266
2,3587,1284718,15,313840,24.392269
2,3610,1573244,25,249535,30.707593
2,3622,1009418,18,197569,11.421968
2,3623,124119,96,6100,4.224141
2,3650,372441,77,22492,5.835948
2,3652,248633,19,53524,5.920612
2,3666,169816,29,26668,4.267643
2,3666,23295,78,1432,1.109157
2,367,1685026,65,116485,13.898077
2,3674,1940296,93,93895,32.203270
2,3686,1148359,92,57880,39.398125
2,3701,55486,43,6016,1.551342
2,3705,1590561,49,148138,37.987482
2,3714,658373,79,38971,10.022527
2,3728,243607,61,18517,3.852293
2,373,1478223,19,293374,6.087363
2,3736,1338401,47,125002,33.095409
2,3739,1846705,43,179389,42.317964
2,3742,1515533,83,83665,47.277834
2,3761,1498928,32,193915,32.004095
2,3764,1069363,28,163264,23.050890
2,3777,861276,40,93199,10.862903
2,3780,953592,62,68017,27.531951
2,3798,512875,41,55921,6.121588
2,3799,1711270,25,269323,33.653182
2,380,1477223,37,171043,5.805964
2,3802,152789,57,12547,4.570535
2,3810,228156,29,35095,2.695869
2,3813,1378286,54,111967,35.979441
2,3816,390915,23,73321,9.106309
2,3818,1128638,73,70984,33.986388
2,3834,351207,33,45907,8.793131
2,3841,1812728,91,90313,29.736008
2,3845,1350421,24,243967,27.744323
2,3855,1468450,15,344881,28.391204
2,3862,1408896,98,66532,49.354941
2,3879,1009380,75,60103,31.115091
2,389,1813231,41,186517,11.207153
2,3899,1857302,95,89551,60.680542
2,3903,1023287,51,85807,27.233144
2,3912,1103852,66,77959,32.936034
2,3913,574011,30,82918,7.116074
2,3915,1153341,84,63124,18.983554
2,3919,663367,41,71689,17.305075
2,3924,416622,51,37726,11.489234
2,393,644652,24,112786,4.262949
2,3944,1192377,71,76591,36.248842
2,3951,157874,94,7819,6.122189
2,3953,485806,91,24856,16.438632
2,3958,1291000,38,148330,28.797031
2,3966,50794,13,16237,1.014534
2,3979,1334636,49,124207,17.156532
2,3983,1411589,95,68242,48.042299
2,3984,1796956,87,92521,59.738854
2,4011,83980,22,17269,2.229106
2,4020,570589,79,33055,18.584014
2,4032,396386,96,19345,6.235959
2,4033,264009,90,13642,9.406192
2,405,254344,36,30346,2.953816
2,4064,186901,12,64018,4.692651
2,4100,467929,49,43123,12.469157
2,4107,1385301,53,117817,36.274431
2,4112,47375,11,17950,1.782826
2,4120,327996,40,37648,8.269427
2,413,782694,67,54136,9.260940
2,4130,1896231,18,385042,37.630223
2,4131,1276552,43,128866,31.524306
2,4154,1990452,97,91609,67.580531
2,4157,434646,16,110002,10.163629
2,416,1031116,98,48130,15.034449
2,4166,1968517,49,171694,48.832349
2,420,24065,74,1567,0.696100
2,4213,1479878,56,117316,26.855668
2,4214,1723891,86,91249,57.893401
2,4243,254611,90,13174,9.236260
2,4255,620345,82,35017,21.107369
2,4257,1913286,41,194962,45.542783
2,4258,75627,28,12295,2.318826
2,4261,682219,88,35530,23.584394
2,4264,1161828,50,103981,31.353189
2,4271,51243,64,3745,2.552108
2,4281,1279230,26,218848,14.528346
2,429,408797,84,22708,7.914826
2,4296,181323,21,37828,4.420671
2,4318,924190,29,140236,11.537205
2,4329,673055,23,120643,14.783837
2,4347,1482428,37,180013,35.202556
2,4350,1962215,79,111592,63.340982
2,4356,731982,62,54712,20.571706
2,4365,1369262,52,117379,37.612425
2,4366,595005,22,120769,13.098759
2,4375,1743641,29,238132,39.382890
2,4385,1227695,81,70633,39.464517
2,4387,1178971,64,85714,34.591683
2,4392,503212,67,34525,15.679680
2,4408,386905,17,95527,8.841124
2,4426,309128,11,116218,7.580505
2,4437,797870,31,114115,19.390139
2,4438,606954,76,37306,20.299774
2,4440,1610269,53,133132,22.058379
2,4473,1869400,28,259705,40.536686
2,4478,339508,22,67564,8.102766
2,4485,1834096,75,109714,58.190535
2,4489,1632283,48,146884,43.193478
2,4490,864594,93,43297,29.110010
2,4497,94765,82,5497,3.778666
2,4500,1258290,35,155206,31.055254
2,4501,442902,62,33091,13.536067
2,4535,566669,20,116968,14.178041
2,4552,882257,94,42964,30.789938
2,4556,1224435,30,173593,28.663170
2,4557,1283874,51,115201,33.594403
2,4587,1474606,55,120067,41.248851
2,4589,1077143,38,124114,26.340378
2,4590,304277,10,110041,8.657635
2,4601,38206,18,9562,1.402548
2,4619,612124,28,98554,14.844114
2,4627,566942,57,45301,17.347142
2,4633,1172614,61,87508,35.358036
2,4665,40580,83,2344,1.936434
2,4669,230183,24,42025,6.033597
2,4672,1326360,38,150484,33.400480
2,4689,1732808,42,175042,42.973185
2,4702,1035034,65,73009,32.007433
2,4703,282693,25,51070,7.181411
2,4718,616786,25,103219,14.836337
2,4718,87571,89,4642,3.629955
2,4722,1305503,80,74707,42.937575
2,4732,245357,60,18721,7.658772
2,4739,1816690,22,309664,20.134305
2,474,1605216,59,120952,15.881088
2,4741,1963156,88,100408,66.956825
2,4749,1919800,85,101689,64.456150
2,4773,1823438,56,140755,49.197859
2,4792,259384,74,16339,8.590730
2,4803,862156,38,102136,11.212411
2,4809,1265857,54,105118,18.865643
2,4809,1406996,25,222508,31.485701
2,4812,347764,75,21565,12.714513
2,4821,1600010,33,200206,37.464346
2,4832,489317,50,44296,13.972387
2,4835,1522225,80,85996,49.587285
2,4851,1362232,94,66652,49.521859
2,4856,1117582,34,143179,27.703564
2,4857,411401,92,20710,8.087088
2,4868,1811078,96,85231,66.513320
2,4869,1018364,14,244720,22.096439
2,4892,1051462,27,174922,23.432693
2,4894,125550,89,6631,2.430518
2,4896,1355043,63,96301,40.371073
2,4912,1969344,87,101194,35.007194
2,4922,173552,14,52129,4.556503
2,4932,134182,42,14800,3.766754
2,4938,651153,76,39481,10.981037
2,4959,622056,15,156859,15.303239
2,4981,243341,63,17800,7.590675
2,4986,1625400,75,97327,51.885419
2,4990,1042747,11,343963,20.949444
2,5000,391176,58,30007,13.069158
2,5025,25956,53,2314,1.530279
2,5028,933375,52,82327,26.724897
2,503,1559431,69,101926,15.986025
2,5031,322537,63,23833,4.853071
2,5043,1509646,23,257803,34.489831
2,5043,634816,62,46315,20.375566
2,5058,1731629,45,161677,47.402017
2,5065,505423,53,43570,14.880414
2,5066,814444,41,89344,20.882814
2,5073,1947480,22,331705,23.966268
2,5084,365737,52,32227,5.087564
2,5102,1444020,13,393616,17.231541
2,5110,885025,90,45898,30.746530
2,5115,1167259,84,64123,40.300339
2,5139,1638933,15,381601,36.590002
2,5167,912293,31,131086,22.892531
2,5171,513663,20,94312,12.766707
2,5184,563732,77,33766,19.308090
2,5212,76158,72,4975,3.957816
2,5223,1134782,20,249079,24.529651
2,5235,912421,92,45238,17.298711
2,524,243212,51,21106,4.691389
2,5267,503500,74,31546,17.182291
2,5268,900372,30,129301,22.765013
2,527,1932221,29,266917,7.278214
2,5285,1283226,37,150520,32.676034
2,5298,1827072,66,122311,51.286876
2,5306,394582,98,18769,14.002458
2,5319,1519608,52,127351,42.888764
2,5335,1213982,75,74437,41.547966
2,5344,398734,90,20377,8.085507
2,535,1462345,94,71923,11.251361
2,535,1768033,94,85942,25.781078
2,5355,458670,58,35515,14.584737
2,5357,1160826,63,82915,36.130939
2,5361,717840,75,43981,12.654763
2,5369,59024,93,3025,1.654900
2,5374,254770,16,64468,6.648128
2,5380,916326,91,45853,36.414796
2,5383,1158512,55,94906,34.694738
2,5384,1429488,35,173173,35.693888
2,5407,929080,44,90787,26.646515
2,541,1490050,46,139690,13.485926
2,5415,1260434,88,66205,23.051364
2,5424,411341,83,22849,15.649269
2,5425,745409,66,51763,26.015671
2,544,452366,26,75526,4.450747
2,545,1671038,46,155851,14.648027
2,5458,1259982,12,419155,27.326472
2,5464,466078,55,37165,14.526979
2,5472,186850,30,28099,2.739534
2,5475,116399,61,8614,5.148003
2,5476,290520,20,63994,7.689333
2,5498,1285908,81,72754,46.024065
2,5519,1289774,34,169351,29.839144
2,552,1455506,68,98623,17.565926
2,5526,1770008,30,237994,42.765490
2,5542,313066,92,15958,11.725839
2,5548,123691,56,10270,2.346868
2,5553,615956,34,79309,17.592476
2,5561,639905,12,218422,16.087256
2,5565,181438,88,9640,8.032594
2,5569,1204532,53,101869,35.625077
2,5578,222100,94,11068,8.458107
2,5578,343963,55,28696,10.816642
2,5593,1773136,45,170485,24.885257
2,5596,324967,49,30094,11.017303
2,5601,1799779,68,118102,28.653033
2,5602,1399067,45,136336,38.317785
2,5612,700346,29,99850,9.155080
2,5613,136555,92,6907,5.667722
2,5630,687775,35,88810,17.855412
2,5643,1297386,64,91927,40.884400
2,5674,1038250,87,53602,40.066733
2,5676,1933276,22,325948,44.589973
2,5684,487494,30,67243,14.252589
2,569,380377,38,45766,5.186221
2,5693,161969,47,15526,5.902286
2,5701,915115,88,48379,16.037138
2,5744,1567770,36,187864,39.020572
2,5748,1632351,81,92197,57.971104
2,5770,579164,51,51580,17.558511
2,5772,1688271,61,123046,51.078458
2,579,955329,82,52402,16.513526
2,5802,1201091,42,125182,33.974379
2,5803,639817,88,33892,23.277488
2,5810,1223665,30,171943,29.943508
2,5811,134566,35,17401,5.227780
2,5819,1862084,44,180784,48.680573
2,582,1647117,97,79102,13.791734
2,5822,126299,27,20716,2.369930
2,5836,1097427,56,89530,34.546890
2,5839,1149301,68,78658,38.240760
2,5841,323694,56,26845,10.179593
2,5851,1287856,22,237823,29.587286
2,5858,741163,18,176014,17.259746
2,591,741686,16,175753,5.607328
2,5931,1784656,52,148369,54.965921
2,5932,1233011,69,82882,39.479930
2,595,1992385,53,158923,19.974968
2,597,648610,43,67021,7.724199
2,5971,1918814,22,368497,41.834750
2,5991,656994,52,58285,19.844677
2,5992,1229276,13,340738,28.566222
2,5993,457920,79,26131,17.505017
2,6001,361032,13,101620,11.247795
2,6015,146395,81,8542,6.236728
2,6015,1990083,41,201505,38.403985
2,6068,52451,54,4537,2.319906
2,607,318528,70,21376,6.963449
2,6070,1227423,34,154306,31.903769
2,6072,982021,32,126829,27.426074
2,6082,658576,87,34987,25.138642
2,6084,1432868,48,131860,21.801627
2,6111,128671,19,28576,4.143541
2,6112,1216812,73,76102,20.999100
2,6113,81551,52,7402,3.105335
2,6127,1678303,52,146956,46.193774
2,6127,1693174,20,310036,21.350968
2,6143,1309016,24,239056,15.933640
2,6156,706107,20,151867,17.542014
2,617,1560578,29,218590,11.629144
2,6179,324954,65,23251,5.896702
2,6201,1864961,75,110029,66.006422
2,6209,1960482,63,135676,33.563103
2,6236,1497942,78,87187,54.363436
2,6271,1537432,89,79051,29.082082
2,6289,463125,33,56815,6.915104
2,6293,97909,68,6694,3.890968
2,6298,1476959,53,123655,23.512632
2,6298,809454,61,59482,27.495164
2,630,1246468,13,354229,7.473480
2,630,1788023,100,81028,32.729056
2,6315,1689673,46,156295,48.699094
2,6316,1790804,16,394363,42.669244
2,6320,1697740,58,128584,56.000479
2,6357,311398,17,79024,9.217626
2,6388,1794758,29,265603,43.144549
2,6389,1658377,71,105256,57.127587
2,6393,955543,28,137671,25.882535
2,6395,1877232,74,112186,33.063504
2,6403,34188,37,4369,1.963981
2,6406,1166649,69,77107,21.051208
2,6406,41840,64,3064,3.533266
2,642,1037351,63,72274,16.243481
2,6434,614052,48,59248,17.943342
2,6439,101615,65,7291,2.070507
2,6454,609885,75,37948,22.687087
2,6458,775116,27,118600,21.119526
2,6467,229493,76,14065,9.255593
2,6485,1496855,11,450952,19.808069
2,6495,433399,90,22561,15.614406
2,6499,1600340,65,110332,55.281000
2,6501,612610,80,35521,23.217059
2,6516,264087,66,18502,11.097805
2,6523,1484245,93,74650,28.126590
2,6556,1798221,62,129001,55.610245
2,6563,1428765,51,123580,41.380094
2,657,21407,28,3496,0.494397
2,6570,1963897,73,118618,68.394084
2,6571,1976101,20,352642,48.928304
2,6597,197480,74,12457,6.960196
2,6620,344612,58,27484,5.603360
2,6630,383197,22,75163,10.861694
2,6639,1701430,68,110377,54.681476
2,6642,1368846,86,73132,26.422606
2,6646,324181,79,19114,5.947614
2,6678,771685,75,47017,28.817536
2,6694,1138189,74,70969,41.218679
2,6720,1729070,30,234361,44.727289
2,6727,1151262,19,261118,27.216025
2,6752,402459,35,52012,5.943898
2,6758,972292,15,219919,24.609243
2,6771,34326,63,2617,2.012691
2,6790,1091444,80,62806,39.507216
2,6795,564512,13,183382,15.452556
2,6797,1022743,25,173089,25.990198
2,6797,56728,36,7204,2.629423
2,6798,466023,79,27487,18.440484
2,6800,1066351,65,75034,36.344648
2,6805,983784,92,48934,40.350003
2,6811,232297,75,14437,4.896657
2,6829,215385,12,69160,7.453415
2,6829,251542,16,57913,8.554985
2,6832,981253,66,68167,16.975259
2,6851,1697092,16,380530,22.792433
2,6880,1173702,14,353041,27.340294
2,6880,476269,14,137083,13.804729
2,6894,605533,13,174022,16.835034
2,6907,278587,80,16285,10.474049
2,6923,1545216,96,74617,57.671618
2,6926,1895609,83,102985,36.809008
2,6930,1572574,16,353314,36.965330
2,6938,628301,57,49645,21.162430
2,694,1868422,59,135949,22.067334
2,694,1911792,20,349729,12.286046
2,6945,1408345,63,101053,24.479879
2,6952,1020622,70,64594,18.446683
2,6954,503293,44,51979,14.748949
2,6957,215032,33,29293,4.063552
2,6970,1705488,49,149350,52.191392
2,6970,344983,91,17626,15.422916
2,6971,689969,66,48904,22.637590
2,6999,1026093,14,272803,13.372653
2,7011,126576,25,22723,4.191580
2,7018,815696,73,51706,28.567705
2,702,692844,14,182794,5.595837
2,7031,241480,13,73846,7.179046
2,7037,440388,99,20320,9.753905
2,7071,1581367,38,170938,24.591668
2,7080,1860350,45,176362,55.404986
2,7081,883978,54,74692,27.754475
2,7082,361365,67,25072,13.222865
2,7085,816526,93,40246,32.106620
2,7094,1355742,50,119206,40.776687
2,7102,835317,60,61750,28.944462
2,7117,703832,34,91831,19.763593
2,7133,220872,29,33979,6.990422
2,7137,1311859,18,281041,17.896355
2,7137,519017,37,58903,16.517961
2,7141,1455358,65,100453,51.755048
2,7141,179959,92,9082,9.554248
2,7142,1889153,19,350194,46.006159
2,7143,82829,79,4879,4.136725
2,7175,475465,52,42016,14.968081
2,7181,796703,88,42283,31.955841
2,7183,825295,13,248677,11.658116
2,7190,1588932,99,73798,39.594381
2,7198,1944522,99,89269,78.840962
2,7202,924168,12,256369,24.752975
2,7208,1856504,42,186883,50.718716
2,7212,1533517,89,78793,60.434453
2,7225,1122298,44,114277,17.914051
2,7232,571328,30,82042,18.316565
2,7235,1887607,91,94090,38.330836
2,7239,1377618,45,133597,41.231290
2,7242,732295,63,52654,11.973952
2,7256,652760,41,72694,19.295019
2,7264,114008,69,7753,4.986069
2,7265,1822752,58,134002,61.279810
2,7269,864098,86,45421,35.324149
2,7280,1096544,50,99355,18.244097
2,7285,1105268,21,229819,26.993737
2,7312,644263,92,32761,25.791867
2,7330,883259,100,40396,37.277255
2,7338,985705,23,162496,13.858365
2,7350,1859079,30,245959,27.492884
2,7351,1297017,76,79513,24.075645
2,7359,671103,87,35482,14.626798
2,7375,1745233,78,100999,32.679069
2,7376,1626209,75,97156,29.055216
2,7381,1387256,18,291034,36.771042
2,7416,1104112,16,271573,15.708254
2,742,943029,46,87592,6.787203
2,7421,1282179,20,253993,34.126932
2,7422,919036,55,73189,30.807441
2,7451,680563,68,45838,25.042894
2,7456,794183,73,49204,30.058052
2,7463,1154391,90,59257,22.622874
2,7482,1468846,55,119908,47.898722
2,7488,1059901,23,191416,15.883968
2,7497,823927,50,71989,27.526386
2,750,1085889,10,432910,6.720328
2,7527,12760,97,637,1.683868
2,7537,729659,42,76654,12.109046
2,7542,1912856,53,155233,58.025666
2,7547,360254,52,31855,12.423528
2,755,751203,32,99244,9.082236
2,757,1486733,70,96016,23.090219
2,7579,1685388,10,631597,39.118847
2,7601,1419203,31,204397,20.467032
2,761,527398,67,36247,5.788033
2,7615,905705,19,179314,25.770463
2,7616,1815669,79,102517,68.122066
2,762,978108,78,55780,20.025754
2,7631,1048235,99,49288,40.249365
2,764,1961143,39,206593,17.714953
2,7645,1451004,30,201079,21.682009
2,7651,367282,70,23839,16.012050
2,766,891807,59,67096,8.542507
2,7672,1805330,78,104197,68.761671
2,7685,1037589,90,51511,39.442679
2,7688,1542426,92,76846,61.741975
2,7721,10000,26,1717,0.914280
2,7739,838645,98,39991,34.735362
2,7746,1799004,44,175099,29.202914
2,7753,890749,84,48331,17.630440
2,7758,516913,10,156091,16.243960
2,7761,489037,21,97621,13.258828
2,7764,683123,64,48292,12.669872
2,7799,1510163,66,105055,51.059524
2,780,972549,44,92659,7.232335
2,7801,115706,38,13936,4.539118
2,7808,223910,89,11851,4.668125
2,7828,879352,59,68356,28.729751
2,7831,1022974,47,92767,32.308218
2,7836,392445,28,62359,5.876921
2,785,82230,60,6373,1.388715
2,7862,789988,49,73273,25.077148
2,7895,1897791,30,248911,51.887580
2,7903,1699269,84,92002,33.547206
2,7904,1243397,17,287854,31.015316
2,7904,1540807,68,102523,27.595719
2,7909,189664,12,56260,4.440984
2,7918,1372335,12,404590,36.204144
2,7921,1794176,80,101683,68.984742
2,7954,1989047,42,196204,58.775244
2,7981,1435653,12,408034,20.581122
2,7993,1957081,22,331708,48.371167
2,7994,1499830,36,174739,43.823897
2,8019,1345049,30,188806,41.235983
2,802,664808,77,40321,7.596266
2,8021,374010,61,27667,7.776268
2,8039,1541829,13,400858,21.428347
2,8045,273380,17,70666,8.363100
2,8052,1355183,55,113509,43.542202
2,8057,90472,17,21358,5.349515
2,8065,135773,24,25603,2.731532
2,8070,1684972,37,191644,49.896106
2,8071,1497242,93,73531,31.110397
2,808,709274,36,85540,8.677942
2,8091,182060,31,26782,3.311258
2,8105,959649,29,131779,29.568195
2,8107,19348,36,2575,3.408085
2,8140,495142,51,42412,17.993177
2,8142,1470272,55,118750,50.199176
2,8142,970364,78,56497,38.367701
2,8143,641630,75,39493,12.383121
2,8150,1010933,24,162691,28.440951
2,8151,1707023,95,81952,71.296618
2,8159,1683686,25,266212,24.916461
2,8197,162892,96,7963,8.105732
2,8209,1364121,94,66424,27.617131
2,8211,1555685,21,284623,38.816553
2,8212,762378,81,43708,14.946604
2,8225,330505,100,15325,16.931628
2,8238,1803426,52,152434,30.392606
2,8243,44598,54,3874,2.707789
2,8248,1443950,50,127135,46.618260
2,8253,20268,68,1444,1.180736
2,8264,555623,49,52267,16.878616
2,8275,720781,59,55600,25.755578
2,8284,389051,54,33322,6.495411
2,8285,1424176,33,181561,41.762962
2,8289,766331,55,64213,12.444983
2,8305,1308372,94,64807,25.412501
2,8307,1228588,97,59038,51.759211
2,8309,428121,86,23176,17.216758
2,8320,309483,62,23269,12.245989
2,8330,375001,42,39706,14.087294
2,8332,1284011,95,62167,54.915109
2,8334,921235,32,118855,27.416519
2,8339,448577,95,21808,20.308031
2,8345,1388361,78,80770,53.957242
2,8346,1610157,21,297697,43.262201
2,8349,1538150,51,138613,48.061889
2,8350,1657336,71,105709,60.713843
2,8357,288593,21,60838,8.674264
2,8361,207972,99,9817,11.538592
2,8368,468959,62,33940,18.950323
2,8382,1538730,46,144433,48.026709
2,839,1109913,20,216196,9.927049
2,8393,1005415,77,58666,40.508764
2,8406,929795,100,42646,41.204228
2,8423,1114400,29,172078,29.676580
2,8429,1203585,80,69319,46.464502
2,8435,625667,53,54556,21.238364
2,8445,1011538,97,47215,44.046405
2,8451,1670848,60,122866,56.118910
2,8462,905639,45,86644,30.997706
2,8467,974517,93,47764,39.674098
2,8474,281869,53,24073,6.278991
2,8477,1621397,57,125821,27.428420
2,8481,1682659,67,111592,61.653126
2,8500,1431254,47,131656,24.228152
2,8512,25988,12,8989,2.115457
2,8528,1112120,30,161164,31.924175
2,8535,423616,85,23152,17.522429
2,8537,24782,87,1363,2.287630
2,856,1935282,88,99139,36.265808
2,8572,26108,67,1849,4.484533
2,8573,1876273,19,357016,26.542712
2,8595,345421,37,42619,11.603250
2,8610,268219,61,20374,5.116491
2,8622,1379593,73,85879,53.916822
2,8639,95022,84,5344,7.245583
2,8643,1212345,85,65806,48.766473
2,8661,183665,80,10618,9.861542
2,8661,1972540,34,234190,54.333078
2,867,160530,94,7966,3.274952
2,869,102293,28,16618,2.258428
2,8690,1869131,64,129427,64.870018
2,8693,39099,99,1909,3.257777
2,8693,47514,50,4462,3.055427
2,8696,442882,97,21295,9.541172
2,8700,1755589,79,100507,68.563287
2,8706,891669,59,65737,33.482937
2,8716,137672,80,8071,6.374322
2,8720,1164585,15,297016,32.649493
2,8759,1309101,83,71863,53.140102
2,8766,908063,94,44299,39.400728
2,8783,507268,99,23434,12.374384
2,879,1703749,82,92683,32.716556
2,8791,1131726,21,220408,34.593712
2,8792,1024453,54,83380,37.865487
2,8793,636876,94,31345,14.208115
2,8823,1919903,46,177436,59.984063
2,8828,367125,73,23365,14.660005
2,8847,90457,73,5830,4.833970
2,8858,967422,98,45316,43.446286
2,8870,1006680,12,267760,29.032559
2,8875,624133,62,46735,22.255737
2,8881,917380,17,193573,26.494610
2,8882,1075082,39,126910,33.063987
2,8885,383855,89,20242,7.836295
2,892,1608582,67,108103,25.032355
2,8921,810430,96,38926,17.623683
2,8938,1624358,81,90454,64.125105
2,8947,1680429,97,79084,72.563680
2,8949,22539,75,1474,1.537382
2,8958,1664468,20,309553,44.950047
2,8974,170347,35,21634,8.416185
2,9000,1538028,56,125965,51.359321
2,9023,304465,99,14419,16.039956
2,9043,1700135,42,171988,27.429783
2,9052,713911,57,57343,24.556068
2,9060,1095195,12,335890,31.655340
2,907,1119129,50,100405,16.713449
2,9082,1453808,89,75064,60.602259
2,9086,1357281,62,97762,25.905417
2,9092,435571,77,25987,10.002539
2,9096,227129,91,11794,10.404515
2,9099,1418788,100,65338,62.359424
2,9107,544838,29,81235,9.547579
2,9112,485622,29,73498,14.116836
2,9119,1295311,75,77575,50.982155
2,9119,920911,51,80140,32.143386
2,912,1696792,80,94858,34.216423
2,912,476872,14,120241,5.587968
2,9120,703663,18,168106,18.841563
2,9122,1363991,87,73138,52.115494
2,9136,173696,12,58735,6.696706
2,9140,218691,42,23503,8.294376
2,9142,375964,82,21070,17.221756
2,9171,1151128,70,75535,42.585695
2,9179,200677,56,16465,4.142944
2,9188,1883078,74,113470,71.682003
2,919,538002,58,42097,11.902949
2,9200,660837,71,42574,28.229879
2,9205,619336,50,55120,22.388584
2,9208,1999081,77,116938,77.498440
2,9230,609146,46,60595,21.070306
2,9273,162385,96,7978,8.636663
2,9283,1703565,64,116731,61.177614
2,9292,1188493,24,201544,35.323188
2,9309,1736979,23,286846,45.791930
2,9321,1049794,38,121087,33.992864
2,9329,309515,72,20071,6.356732
2,9336,1978986,88,100837,81.273851
2,9343,1397180,74,85501,54.838658
2,9349,23350,55,1999,2.114004
2,9367,74790,20,16750,3.638778
2,9379,1131234,76,68458,45.751130
2,938,1508484,86,80815,31.728549
2,9389,795437,10,258313,24.310858
2,9400,1885518,96,88750,79.260460
2,9400,241238,28,38080,4.260426
2,9415,411863,85,22582,17.305434
2,9415,427978,20,82480,15.787541
2,9437,1185055,78,69814,24.318953
2,9437,1816170,61,131836,60.891316
2,944,1827504,18,366835,13.970229
2,9448,292719,67,20149,13.707148
2,9448,669499,89,34840,28.845398
2,945,1345294,48,123808,11.247209
2,9450,706337,68,48073,12.368334
2,9451,798028,48,76156,12.903044
2,9459,1501467,16,341107,41.187324
2,9490,1318189,62,98323,45.252829
2,9495,1026230,98,48568,40.691898
2,9497,264666,61,20245,5.301859
2,9499,1946092,27,280447,53.784185
2,9510,1091196,29,160666,33.214320
2,9520,1317253,94,64327,29.607485
2,9551,1634653,60,120016,58.857476
2,9571,925830,66,64360,34.902558
2,9576,1963745,74,114541,76.794388
2,9576,363958,23,69661,11.101611
2,9579,1341699,45,131527,43.755867
2,9584,782009,75,47707,32.555154
2,959,864713,81,48454,21.473990
2,9593,937021,82,52951,18.754086
2,961,993746,35,116839,7.644122
2,9614,1301701,69,85537,25.821045
2,9616,221608,98,10534,6.724327
2,9617,1861265,53,152221,61.917160
2,9645,577509,99,27169,26.268897
2,9662,1493618,80,85207,30.655500
2,9666,1216996,16,286456,35.301664
2,9666,575909,100,26857,28.399821
2,9679,1144931,78,67885,23.111483
2,9697,805471,90,41776,18.200149
2,9704,699186,58,55624,23.091819
2,9705,600448,11,217411,18.452757
2,9717,1544657,58,115114,55.282314
2,9726,804079,83,44593,35.464403
2,9743,967099,36,110143,31.410739
2,9751,191986,63,14158,8.184109
2,9757,895174,32,112774,15.133622
2,9760,159002,39,18799,6.330775
2,9763,1458922,41,161842,42.597976
2,9771,1990561,36,225406,57.529218
2,9775,1593714,13,421477,43.380486
2,9777,1251231,26,198400,36.958310
2,9812,1807323,26,273853,52.175660
2,9833,501901,50,45316,18.407384
2,9850,1052844,43,111970,32.051101
2,9850,554686,73,35185,12.011311
2,9856,128406,63,9454,6.693170
2,9866,171401,28,26308,8.945620
2,9867,993796,78,57076,20.871367
2,9869,1572266,15,363700,42.603506
2,9880,1208334,36,144289,40.035581
2,9891,572010,44,58552,21.344314
2,9906,359145,94,17956,15.985926
2,9908,321108,77,19618,6.845183
2,9924,611255,30,87682,21.997039
2,9942,1388003,86,73897,29.139086
2,9944,1842500,92,90970,76.230781
2,9954,1540923,37,177400,49.272382
2,9962,1446329,86,76492,60.020653
2,9966,1381097,51,119470,24.526978
2,9975,366846,83,20410,9.008946
2,9980,380358,42,40738,14.698344
2,9980,47759,39,5656,3.436369
2,9998,1433262,53,119374,48.928917
2,9999,1226722,43,124171,40.710329
3,1006,375673,37,45817,15.921838
3,1010,217883,58,17224,10.043612
3,1029,1249276,34,164191,52.433421
3,1030,728984,81,40936,39.686130
3,1031,1009187,96,47788,57.215184
3,1032,845228,29,129688,33.949391
3,1040,1410855,22,281572,52.965233
3,1046,772210,18,185716,28.772565
3,106,1417791,94,68239,26.905257
3,1071,1766299,55,143479,84.499157
3,1087,311115,99,14506,18.116358
3,1111,1775518,10,711877,66.709147
3,1134,843547,85,45274,23.930101
3,1137,719993,28,114574,30.811641
3,1141,773670,40,86866,34.643724
3,1142,1194812,49,109525,55.413985
3,1143,1918376,68,126964,98.439566
3,1144,536081,56,43192,25.703368
3,1151,1249199,75,75310,34.473184
3,1153,766710,68,51046,38.935628
3,1158,1413426,45,140536,64.406991
3,117,1673151,33,224998,14.870657
3,1170,178061,98,8416,10.773362
3,1180,724368,53,61672,35.257230
3,1182,750614,72,47266,41.408086
3,1200,1730722,15,491494,66.954161
3,1207,1435089,61,105778,73.346360
3,1210,1014374,96,47926,31.959218
3,122,1885809,25,330064,15.652425
3,1229,974895,81,54823,58.728136
3,1251,273688,56,22186,14.188855
3,1265,1605243,68,106201,46.800042
3,128,93190,53,8134,2.018086
3,1284,1373030,92,67669,82.452007
3,1289,667461,84,35941,40.196664
3,1294,1802839,62,130639,96.109251
3,1302,866538,66,59443,24.169819
3,1309,942382,46,91828,46.315906
3,1312,592312,80,33685,35.677066
3,132,1430136,36,176932,24.107947
3,1325,1210361,20,267493,50.792543
3,1328,1353777,65,93757,74.173395
3,1331,661409,61,49231,34.987783
3,1339,1283246,10,526519,29.505487
3,1342,1633982,24,294976,37.690907
3,1353,683652,39,78667,16.001883
3,1357,647150,66,44548,35.444160
3,1365,885364,98,41293,56.622256
3,1370,1776623,87,92152,112.109606
3,1387,783662,82,43324,46.882950
3,1416,695290,92,34546,44.283095
3,1420,1616451,48,150673,83.342282
3,143,477671,33,64543,8.447968
3,1430,191687,78,11215,11.535849
3,1433,714122,43,74833,35.745605
3,1457,415047,21,86980,9.445496
3,1465,1167183,49,107326,62.919082
3,1474,1516458,77,88909,91.037503
3,149,1556799,57,122890,18.813030
3,1492,544144,46,53464,13.979116
3,1493,1540438,51,135229,82.427609
3,1501,90560,49,8581,4.881746
3,1506,817565,40,91639,21.448900
3,1515,775027,30,115105,37.266574
3,1530,168886,16,46957,7.971789
3,155,594326,84,32125,15.185859
3,1566,229783,16,62875,11.027114
3,1567,980221,92,48295,67.625710
3,1578,418398,26,71872,19.390879
3,1598,1911089,37,229249,93.523911
3,1607,653029,86,34756,43.978706
3,1623,1947476,86,101974,126.329523
3,1645,68135,95,3310,2.459291
3,1650,1816291,80,102232,61.845495
3,1658,1110077,30,165391,29.080461
3,1669,63314,41,7213,3.577393
3,167,642309,74,39529,8.750606
3,1673,898424,30,132811,44.454750
3,1684,317898,90,16192,21.139433
3,169,843758,98,39193,13.451928
3,1698,1664758,46,161572,47.914377
3,1699,582171,77,34342,36.973906
3,1705,1205144,12,425503,55.427702
3,1724,1165293,14,358054,29.310573
3,1726,1391724,31,200203,70.130493
3,1727,551830,83,30355,35.879444
3,1753,1466160,66,100057,88.607430
3,1763,920902,19,207898,42.363932
3,1769,244175,85,13195,16.758029
3,1775,1631697,15,454990,74.080131
3,1826,1129710,66,77287,37.098201
3,1839,1979729,11,718942,89.184143
3,1844,344802,73,21727,22.428449
3,1872,1775874,35,226057,51.535402
3,1875,1475129,85,78520,103.985000
3,1882,1969092,71,124357,124.957108
3,1896,353665,66,24442,11.694202
3,1898,1562112,24,285112,78.362303
3,1898,1819312,34,237574,93.341790
3,1916,302904,20,67180,7.898877
3,1917,280621,23,54427,14.718539
3,1931,1964280,12,657178,95.560542
3,1949,1153008,21,242518,57.115255
3,1954,1649893,69,107992,56.649144
3,1969,986010,25,173653,50.790931
3,1970,1852696,83,100714,130.354854
3,1977,1295404,54,107881,79.784888
3,1983,1870700,20,400561,51.396384
3,199,1190673,81,66529,34.415163
3,1991,949085,17,235417,25.544423
3,1993,522996,49,48226,16.025644
3,1996,663790,29,102406,17.992278
3,1999,516437,61,38443,31.570108
3,2004,1493171,55,122011,92.820135
3,2013,364406,36,45814,20.050236
3,2040,680210,16,185236,34.119821
3,2049,728743,69,48181,24.527959
3,2062,468396,39,54022,26.220326
3,2068,1771051,74,107683,121.050694
3,2085,1455963,50,130774,87.204133
3,2088,511902,89,26422,36.277830
3,2112,1233190,56,99196,41.255741
3,2118,184209,100,8572,15.406821
3,2123,512713,75,31168,37.628807
3,2138,55202,31,8140,3.387012
3,2151,763337,47,73294,46.730553
3,2157,538671,84,29368,40.704953
3,2169,826886,11,310309,44.828488
3,2177,1736064,33,233785,95.237354
3,2184,1903806,45,188278,111.368091
3,2192,1182349,23,227536,61.670462
3,2226,1650103,41,179995,97.932746
3,2245,697389,50,62932,43.226589
3,2259,309961,27,51466,17.069235
3,2274,879717,85,46798,33.216757
3,2283,1189252,44,121294,37.758884
3,2286,133434,18,33295,7.466108
3,2289,1757630,58,136489,116.979940
3,2289,1773789,55,144562,60.705466
3,2295,1497871,87,77755,61.297577
3,230,1400002,46,136435,19.773754
3,2304,786136,82,43669,59.460555
3,2313,1666031,87,86554,64.866551
3,2323,1615096,62,117205,110.337302
3,2328,211494,18,52135,12.339764
3,2344,605020,86,32128,24.735083
3,2348,1137689,66,77773,43.081689
3,2377,149609,96,7279,6.172467
3,239,1374941,81,76816,44.564933
3,2407,1203467,12,426025,34.259544
3,2414,1069704,29,164836,59.395810
3,2417,1781347,15,500599,94.732275
3,2417,231666,87,12193,18.701460
3,2437,1959171,92,96211,152.330778
3,2437,833074,28,132526,48.632159
3,2442,1924093,82,105649,76.776645
3,2452,787808,71,50233,55.539562
3,2465,218721,33,29878,13.264848
3,2467,1032251,96,48904,81.459261
3,2492,1563185,87,81094,123.327055
3,250,1068791,50,96028,28.546430
3,2507,1331157,75,80200,101.571978
3,2510,759556,65,52942,26.792347
3,2513,654938,56,52711,43.958443
3,2520,1105788,66,75613,41.938547
3,2525,158946,72,10264,6.175478
3,2548,179834,23,35026,5.486250
3,2554,1677661,17,424180,90.154381
3,2582,719062,93,35200,58.354111
3,2598,42615,16,11839,2.870659
3,2599,113814,87,6037,4.687007
3,2607,209666,78,12517,16.212169
3,2616,1340576,41,146710,85.214266
3,2628,1935839,98,89275,162.159535
3,2629,1255773,97,58864,53.390135
3,2629,491635,14,149470,29.218335
3,2634,526410,65,36799,39.451698
3,2636,463746,62,34003,32.525564
3,2639,660014,23,127873,35.907997
3,2642,930589,52,80743,62.226738
3,2653,1647106,56,132274,59.361209
3,2658,470995,95,22747,40.003658
3,2679,862049,48,80899,29.353919
3,2683,1733769,65,119848,128.486549
3,2685,976336,52,84349,66.260167
3,2697,370325,16,101794,22.322068
3,2705,119346,43,12763,4.286138
3,2708,1331981,16,357076,39.661577
3,2711,1414521,53,119953,94.130073
3,2712,669389,57,53161,47.027374
3,2727,342616,69,22660,26.994444
3,2729,915521,62,66664,69.714329
3,2733,1550709,57,122167,109.357212
3,275,1444008,23,273424,18.129672
3,2761,1027888,39,117478,33.356601
3,2778,947652,49,86902,32.635012
3,279,967751,31,138610,24.437364
3,2790,863315,88,44476,57.977643
3,2793,1150469,24,212626,66.278964
3,2793,964776,57,76270,66.782141
3,2811,1354574,15,384964,74.990737
3,2822,159362,52,14056,11.134907
3,2822,501417,67,34000,38.000897
3,2831,1252868,50,112816,84.154812
3,2835,351007,88,18433,29.891197
3,2837,1513257,24,276529,85.817611
3,2838,281191,61,21034,21.373352
3,2840,1567886,13,499564,48.250622
3,2844,1014106,17,251446,30.835380
3,2868,1925226,13,609262,108.550123
3,2897,1911670,76,113374,151.278156
3,2911,1125896,27,185311,68.102999
3,2911,1500437,56,120358,107.474451
3,2935,1077898,19,248020,64.168030
3,295,715415,33,96568,19.377864
3,2969,539227,84,29227,23.239251
3,2975,1600300,55,130870,116.429661
3,2976,1769012,32,243937,106.323112
3,2989,1498003,13,482923,86.831084
3,2993,1853251,11,666109,107.535904
3,2998,1524673,26,258886,90.424820
3,2998,577036,23,112045,34.897103
3,3011,1831594,19,416248,105.311953
3,3014,484115,69,31924,38.536671
3,3019,966728,39,110488,62.466595
3,302,220904,42,23902,7.185566
3,3023,209689,14,64930,13.514709
3,3028,1276880,26,217786,75.479001
3,3030,1603567,12,554569,90.171602
3,3031,660482,63,47542,51.362154
3,3032,1750593,48,163087,62.054792
3,3037,480680,49,44446,33.902534
3,3041,466312,51,41377,32.647172
3,3042,373428,16,102424,24.911784
3,3050,561765,23,108814,34.466312
3,3059,1685834,23,321778,95.857594
3,3076,291364,86,15613,12.968607
3,3086,1791074,11,656158,106.994437
3,3087,1314369,10,540790,43.721465
3,3091,1344857,97,62920,119.210634
3,310,1720216,21,352531,22.797436
3,310,785504,45,78340,23.189741
3,3105,1052592,31,151699,66.518587
3,3107,255876,36,32149,8.636921
3,3110,1390486,40,155368,91.907158
3,3128,879698,18,210526,53.850999
3,313,1882331,42,200332,51.173301
3,3152,1062948,30,158350,65.776918
3,3165,514255,28,81634,31.750418
3,3166,1343056,29,205177,84.520276
3,3171,1726781,96,81253,148.713080
3,3181,1985663,19,446845,62.251856
3,3203,1773614,11,649300,103.254219
3,3215,1590526,42,169228,56.259867
3,323,1804000,10,712333,34.080977
3,3231,1154081,76,68698,99.643306
3,3234,1724480,37,207133,110.533713
3,3242,280328,11,110716,19.392076
3,3249,1631141,11,600874,52.037534
3,3252,1840700,80,103444,80.636520
3,3259,369657,28,59287,24.777811
3,3297,1252054,29,192643,76.665293
3,330,359569,65,25264,14.692699
3,3315,1488380,30,220045,96.529961
3,3332,477879,98,22297,46.809565
3,3336,1476183,22,294142,90.123211
3,3349,1539555,75,92347,95.056729
3,3383,956441,50,86206,67.902769
3,3384,579342,26,99859,36.388424
3,3385,880224,59,67240,69.060453
3,3398,1452737,66,99184,61.066965
3,3427,1705497,88,87463,150.693611
3,3428,1615740,22,322039,95.250621
3,343,869430,62,63199,30.102256
3,3440,1214715,67,81754,51.754604
3,3444,146623,55,12232,11.607267
3,3448,1860785,95,88564,173.609977
3,3453,1985091,29,301126,65.694783
3,3454,1896884,89,96178,170.459210
3,3465,1482662,97,69262,135.186977
3,3468,830933,33,112525,29.066692
3,3510,1113475,96,52789,105.109268
3,3517,958680,45,95737,65.334068
3,3519,1512972,31,216232,99.569385
3,3525,1217541,32,170137,81.501335
3,3548,1205978,28,191659,75.568036
3,355,479736,30,71287,8.139720
3,3555,603044,67,40819,25.586180
3,3559,454752,23,87637,28.893520
3,3568,167543,72,10783,15.211606
3,3580,830238,31,119368,28.936705
3,3581,1463411,32,203803,50.589581
3,3588,686287,58,53428,55.383613
3,3596,1332109,75,80218,113.876104
3,3597,464583,29,71683,31.339301
3,3609,917372,31,131959,61.007360
3,3627,893956,26,151042,58.342598
3,3633,1902257,40,211318,128.928843
3,3634,373437,84,20278,35.296506
3,3635,984546,85,52423,89.133955
3,3650,38408,55,3289,3.777015
3,3667,117642,70,7789,5.465554
3,3669,1066657,34,140449,72.469772
3,3671,1252862,11,477082,80.394677
3,3677,841673,73,52267,72.290744
3,3700,540863,28,86587,35.646867
3,3705,694792,23,133846,43.738632
3,3720,645753,24,119191,43.440976
3,3725,1772082,89,89908,165.903519
3,3736,1070681,38,126385,74.277840
3,3767,490425,27,80719,33.382069
3,377,390635,80,22396,8.649108
3,3818,35132,57,2836,2.026397
3,3830,839892,13,269668,54.757916
3,3861,970247,16,258475,32.959873
3,3862,386357,84,21214,36.909971
3,3884,1410829,70,91060,66.712437
3,3897,609624,97,28756,61.799164
3,3907,302503,51,27091,23.666165
3,3914,695493,48,65137,27.193049
3,3915,727620,83,39655,69.675728
3,3931,587453,12,212215,40.493004
3,3941,795516,29,122176,54.877983
3,3953,1223956,38,144085,87.689294
3,3957,1582543,23,302743,101.455636
3,3963,877173,74,53689,78.721545
3,3969,855343,30,126499,58.968795
3,399,1423255,61,105097,51.430346
3,4009,545336,15,160006,36.877495
3,4023,125429,74,7840,6.047256
3,4053,1069290,66,73129,93.417889
3,4053,285159,19,66736,20.454119
3,406,549272,54,45973,20.794704
3,4063,1782500,14,536917,112.383896
3,4073,1259341,85,67036,60.124741
3,4088,1503944,66,102400,130.179773
3,4093,1215530,21,253555,77.347037
3,4119,544509,47,52432,21.081140
3,4125,1651090,96,77899,165.370861
3,4129,1082809,41,118441,80.498783
3,4133,628432,64,44515,55.231903
3,4149,997607,38,117052,71.425615
3,4160,967036,21,198217,33.703575
3,4182,788850,43,82534,60.037965
3,4182,929398,25,163114,64.164050
3,4185,638326,97,29956,67.813103
3,4200,1050256,85,56041,100.394018
3,4204,677771,91,33820,66.912344
3,4212,133287,11,53395,10.853034
3,4218,806119,45,80509,62.987504
3,4220,170755,68,11596,7.970988
3,4221,1089402,17,280582,38.516417
3,4227,754450,75,45733,35.570029
3,4250,1338799,15,381817,88.744433
3,4256,324300,35,41644,23.966108
3,4272,1607680,43,167146,117.512141
3,4272,535861,74,32896,25.291753
3,4274,460772,22,92527,31.699609
3,4297,1631543,77,95422,152.389568
3,4307,1475756,58,114085,122.100951
3,4327,1784439,76,105637,163.664270
3,4334,237021,79,13735,22.566803
3,4346,756478,16,206932,27.778262
3,4355,499257,84,27232,48.806112
3,4362,378985,69,24979,35.756959
3,4367,1531990,45,152128,116.694520
3,4374,1698978,85,90358,160.384330
3,4398,131355,72,8326,13.074058
3,4405,1490913,33,200962,106.150999
3,4418,1454252,33,196657,101.381641
3,4426,799188,54,66859,66.490674
3,4430,662424,62,48484,56.510322
3,4432,1404560,76,83659,131.863816
3,4433,332940,61,24907,31.178830
3,4449,1246203,46,121555,94.333484
3,4465,523736,35,66859,38.246431
3,4468,1293670,47,123379,101.687379
3,4473,955434,84,51691,96.208570
3,4481,1610159,20,349579,107.698225
3,4508,194628,80,11188,19.401832
3,4509,1884582,13,591481,67.139706
3,4510,97260,79,5728,10.327517
3,4511,1124063,77,66037,104.839075
3,4514,520751,83,28726,52.740605
3,4521,1146878,75,69184,107.060352
3,4533,137569,61,10339,7.124480
3,454,799495,56,64570,33.867169
3,4546,1089253,73,67363,52.051131
3,4557,1477682,94,71071,151.427798
3,4560,831797,71,53098,76.337826
3,4582,314380,90,16123,32.683273
3,4586,161924,60,12460,15.002287
3,4588,972637,66,66637,88.620566
3,459,1838669,90,92290,88.214450
3,4593,323440,11,125578,25.612570
3,4606,752931,100,34312,80.424967
3,4622,48438,25,8845,4.303459
3,4624,1647132,45,163639,66.595088
3,4627,1725773,77,100999,165.492752
3,464,1621966,44,164941,57.968230
3,4645,61951,34,8329,5.951421
3,4662,1869982,66,127492,165.044292
3,4663,633196,18,154777,44.246178
3,4667,1035209,87,54061,104.348742
3,4706,515669,42,55288,40.098334
3,4722,1923284,40,213280,75.752581
3,4724,988423,66,67756,46.295282
3,4731,1846487,96,87013,197.920209
3,4732,1779888,20,379441,65.254605
3,4734,696266,55,57286,30.674266
3,4756,735461,26,125533,51.516436
3,4756,804181,37,97414,60.702466
3,476,781936,19,175972,23.319068
3,4768,1795412,49,163780,142.591654
3,477,36335,16,10213,0.848053
3,4816,1333020,55,108805,112.445454
3,4816,604771,43,63313,47.179620
3,4830,694119,80,39268,68.758190
3,4831,1535508,50,137680,123.091232
3,4836,1739639,34,227164,66.734284
3,4839,1636874,50,146716,133.968048
3,4857,712704,19,165550,26.524294
3,4863,1518442,86,79627,152.931548
3,4864,284284,51,25315,24.380847
3,487,1572357,15,446809,39.148515
3,4875,642300,27,106027,24.600860
3,4880,316378,13,106390,24.610928
3,4890,1109501,13,369466,42.492870
3,4908,1688082,16,447766,113.456834
3,4911,604948,63,43393,55.084725
3,4939,1432072,87,74539,143.513423
3,4941,98736,90,5050,11.831604
3,4987,1456690,95,69583,158.924605
3,4989,1339564,11,513613,53.546559
3,499,1093818,44,111580,44.753720
3,5007,628642,23,121375,23.724000
3,5023,137432,31,20149,11.748229
3,5037,1277937,79,73027,126.466213
3,504,606801,21,128110,18.679839
3,5048,1725694,14,510577,117.085749
3,5051,1282503,57,101434,110.111023
3,5051,383838,68,25900,37.191617
3,5052,1719851,55,140395,145.513072
3,506,137788,71,8971,7.553972
3,5076,1669707,37,201127,126.542389
3,5092,204420,47,19957,9.305621
3,5095,735720,18,178867,52.671108
3,5100,1807460,75,108583,173.006751
3,5109,177026,57,14176,17.035074
3,5123,990216,74,60406,93.331412
3,5132,1195235,36,148438,92.297173
3,5142,608469,49,55834,51.649800
3,5150,1874990,50,167980,154.104677
3,5162,1233557,89,62728,131.357861
3,5173,1789473,62,129475,162.041646
3,5181,1685679,39,192709,68.671973
3,5181,190971,62,14113,17.945235
3,5200,295384,19,69046,11.648465
3,5209,809720,18,195517,57.898920
3,5218,1865214,13,597256,128.306461
3,5221,1553216,91,77497,165.578482
3,5230,901525,45,90256,75.604218
3,5237,510058,63,36733,48.712441
3,5264,810704,56,65263,69.393728
3,5276,1787374,77,104488,173.348464
3,5277,1106297,30,164737,81.065374
3,5283,1521032,89,77290,82.201043
3,5314,947397,33,127912,71.730138
3,5338,1827824,46,177418,146.836474
3,5338,1892696,38,221089,143.048636
3,535,443455,18,107845,14.173791
3,5364,1145823,11,445120,84.302736
3,5377,952736,85,51004,101.526132
3,5377,956630,38,112246,76.108373
3,5384,124881,84,6910,14.629352
3,5386,1242156,61,91585,111.331853
3,5386,1517265,71,96235,148.423231
3,5395,849306,95,40801,96.089551
3,5421,414688,42,44563,34.589499
3,5421,88531,85,4831,11.384948
3,5422,937411,53,79465,80.421837
3,5425,1964561,98,90592,218.687747
3,5428,267096,19,62662,21.238954
3,5432,426943,41,47023,35.143007
3,5433,1231867,63,88165,114.336321
3,5433,99174,95,4951,12.205059
3,5439,469404,30,69742,36.925791
3,5473,1691546,98,78199,194.987235
3,5475,281825,100,12979,32.674200
3,5475,917198,13,292459,66.788692
3,5488,940008,31,134980,70.491646
3,5497,1366359,43,142495,111.185812
3,5508,717416,29,110671,53.438858
3,5511,388360,79,22414,41.098984
3,5514,454734,47,43723,39.619253
3,5525,1333985,89,67786,141.039531
3,5529,1182812,89,60373,65.961836
3,5530,1014009,92,50011,111.820560
3,5549,1113488,24,205582,82.841623
3,5555,378599,18,92239,29.722393
3,5574,579849,72,36541,59.987178
3,5594,295025,11,116275,25.179495
3,5604,1937018,56,154801,167.382369
3,5611,378178,75,23065,39.632035
3,562,270405,89,13978,16.915952
3,5634,154187,45,15703,7.073448
3,5643,792686,49,72760,35.976140
3,5650,115258,50,10612,6.635957
3,5650,811883,49,74686,71.783379
3,5690,1595771,21,330916,61.584032
3,5696,1335735,13,437032,53.890227
3,570,1130872,43,117934,25.550075
3,5703,1542698,48,144247,128.748404
3,5703,710910,67,48112,70.006908
3,5711,1447309,55,118321,128.552806
3,5724,1525175,16,400912,110.867681
3,5729,636351,44,65296,52.437598
3,5736,1940729,11,705694,139.549527
3,5737,493089,43,51694,42.387031
3,5743,1583949,73,97771,81.705435
3,5759,756986,48,71203,66.567751
3,5781,1241973,83,67804,127.909204
3,5800,770429,94,37414,88.869953
3,5808,605845,44,62074,49.807875
3,5810,1694354,32,235786,70.515546
3,5817,1122380,29,172555,44.591375
3,5820,371277,97,17590,43.844690
3,584,444845,26,76051,16.539364
3,5845,1657956,62,120412,81.164038
3,5851,671939,97,31606,40.996389
3,5853,1671940,26,283294,66.538885
3,5856,1603436,14,483289,63.257796
3,5865,1241238,49,113881,106.617670
3,5869,1771307,54,146773,156.056599
3,5872,233357,47,22657,21.957979
3,5878,1300098,87,67630,142.678913
3,5896,141592,10,61435,13.738833
3,5897,362863,66,25153,20.412308
3,5908,1131814,94,54661,130.220068
3,5930,1243832,41,135823,100.797063
3,5935,1831883,38,214471,146.343171
3,5945,553335,32,77632,43.148068
3,5956,664110,55,54643,31.495436
3,5971,10318,92,508,2.633271
3,5971,454876,72,28732,48.338641
3,5976,1344644,37,161644,105.224371
3,5989,634985,29,97636,49.355380
3,6000,422307,19,97993,33.126557
3,6004,1561641,47,148621,69.988489
3,6015,660671,12,235372,54.203896
3,6031,1344869,48,125878,114.213447
3,6059,700211,29,107932,55.816576
3,6064,1038191,100,47020,123.268211
3,6071,1149213,50,103501,99.287811
3,6100,1784131,80,100858,116.226482
3,6101,229930,10,94930,20.367189
3,6106,873325,88,44935,97.590744
3,612,1333366,41,145552,29.338710
3,6128,829362,83,45355,47.030333
3,6132,296164,46,29326,27.157699
3,6134,661434,63,47434,32.471062
3,6143,680459,23,131212,28.128802
3,615,408116,63,29503,23.231869
3,6154,1508444,71,95686,151.230675
3,6158,431554,34,57061,36.254998
3,6159,1616067,26,272959,119.729209
3,6160,1541144,64,108295,153.334198
3,6165,1820116,87,94411,195.037402
3,6189,747649,100,34117,89.364394
3,619,1215394,79,69799,69.591595
3,6191,299308,51,26752,27.147700
3,6198,792980,80,45010,88.842442
3,6200,1398050,22,279634,56.221224
3,6205,1751707,94,84241,195.781194
3,621,328815,90,16747,10.761152
3,6218,1187247,16,321952,91.641626
3,6225,818551,94,39736,48.321799
3,6242,813480,23,155548,60.749404
3,6248,1326376,44,135067,110.554149
3,6252,579446,87,30361,67.758019
3,6269,1164366,10,489346,92.928858
3,6272,1782966,19,403519,71.854536
3,6305,1174933,30,174700,52.507208
3,6305,1763363,84,94813,190.908915
3,6313,973144,64,68629,49.850979
3,6321,1987027,61,146167,100.309496
3,6330,348158,62,25579,34.174883
3,634,1654112,26,278395,31.657006
3,634,871088,70,56374,49.844350
3,6349,1984723,33,266596,154.923715
3,6357,1956669,11,711907,148.248595
3,6393,1087462,46,106210,50.823742
3,6399,1729369,47,164740,144.843825
3,6408,814605,35,104128,68.237833
3,6417,1676881,30,247873,129.163474
3,6419,575454,65,40282,59.130683
3,6429,650580,11,252010,56.142581
3,6440,174715,69,11770,19.364159
3,6456,1583550,94,76027,180.846116
3,6463,1120822,30,166882,47.564212
3,6469,1441837,19,328180,109.552144
3,6471,1402880,69,91516,141.690170
3,6477,351244,79,20524,40.350800
3,6481,1646761,36,204304,132.033201
3,6487,78380,43,8326,8.871477
3,6493,746594,60,56335,74.219619
3,6496,753481,91,37753,44.341646
3,6516,939820,76,56083,100.420184
3,6522,973791,23,186001,39.832344
3,6526,1207168,99,55399,143.414584
3,6528,1775231,24,323257,136.621704
3,6540,1726544,15,481912,130.591454
3,6553,31624,24,5905,3.876500
3,6569,1993057,71,126220,202.221493
3,6573,934255,69,61243,92.460544
3,6577,952825,26,161770,72.770761
3,658,128370,96,6277,8.591775
3,6610,1221751,40,136810,104.408909
3,6616,1103930,13,367807,86.790793
3,6636,1012605,69,66355,103.950667
3,6642,533554,70,34816,28.922015
3,6645,1488532,12,515878,119.515706
3,6645,328063,79,19006,37.209955
3,6646,1094459,57,86575,100.847212
3,6653,474917,35,60688,40.669278
3,6655,981111,39,112564,45.407804
3,6673,369800,28,59308,30.685415
3,6675,1633703,52,140920,82.845696
3,6704,1305728,45,130024,114.200520
3,6716,179333,43,19087,9.074634
3,6745,1221547,49,111919,57.922106
3,6745,1463077,97,68482,171.809887
3,6765,1871503,27,305521,78.717676
3,6774,165214,88,8662,21.040490
3,6777,356178,42,38329,31.920788
3,6780,1900286,84,101995,206.173624
3,6814,400251,31,57826,33.875408
3,6815,286523,38,34150,13.585502
3,6831,1882843,47,178684,167.073389
3,6846,52570,97,2542,4.664418
3,6851,488157,71,31267,53.956345
3,6855,622626,65,43576,32.888775
3,686,1686192,75,101407,99.019795
3,6863,537911,66,37069,55.255996
3,6870,111430,35,14503,11.082668
3,6901,1249920,50,112453,111.154056
3,6907,1201432,54,100111,111.584263
3,6911,1437305,72,90019,154.296965
3,694,875935,26,149989,34.198846
3,6949,1945437,91,96460,227.810338
3,695,1816196,84,97555,60.576446
3,6954,711035,49,65401,65.894227
3,6960,1200649,30,177919,96.030659
3,6977,1099394,26,188047,47.286713
3,6990,600270,85,32158,35.094896
3,7016,436868,67,29872,24.006267
3,7021,214517,19,49870,18.860165
3,7043,1021478,63,72880,53.360305
3,7065,860831,32,119467,71.197887
3,7075,1777174,47,169303,154.420114
3,7076,823692,29,126427,66.930961
3,7082,1791105,27,291283,75.505264
3,7083,862833,68,57664,48.266938
3,7086,1016557,65,70561,54.940809
3,7098,1863896,90,93622,213.805121
3,7106,194398,61,14611,21.380579
3,7127,1026032,80,57958,67.647022
3,713,338630,26,58471,7.797783
3,7131,1816272,94,87367,210.052945
3,7132,1593139,26,270304,121.979299
3,7144,757623,43,79450,35.502263
3,7145,1915331,99,87430,233.123225
3,7152,614315,87,32230,73.081068
3,716,1255840,71,79834,39.869199
3,7165,365910,16,100408,31.412627
3,7176,1395472,42,148327,65.016768
3,7187,1418418,77,83176,156.683785
3,7192,1836238,70,118315,189.653809
3,7192,903246,15,256918,73.946207
3,7194,29716,66,2053,2.795855
3,7198,1180941,21,248233,50.400894
3,7198,819397,78,47797,93.478958
3,7205,1232263,46,120724,110.175403
3,7227,1406543,76,83443,150.912508
3,7227,436859,93,21493,55.118055
3,7228,827073,75,50056,89.117783
3,7234,1001361,38,117013,83.069461
3,7244,1744021,40,194716,148.155927
3,7271,1854904,57,145819,92.725719
3,729,1075258,25,191275,41.235931
3,7297,602937,87,31645,73.731766
3,7301,1502043,62,109165,147.607867
3,731,586354,92,29050,43.036541
3,7323,1230120,57,97393,119.021156
3,7333,332923,11,129901,30.837695
3,7344,1472380,71,93541,152.832843
3,7358,817934,69,53725,85.662689
3,7370,1958534,98,90346,240.373775
3,7409,1956543,24,355663,83.398101
3,7414,1129010,30,167698,50.186337
3,7419,1521954,35,193561,128.434404
3,7440,1718123,53,145459,85.810354
3,7485,211669,40,24151,10.641126
3,7490,1559805,87,80893,95.742909
3,7499,933699,55,76408,89.181475
3,7506,1105942,29,170185,90.642021
3,7514,185395,39,21526,9.571061
3,7517,599112,88,31045,39.181953
3,7520,784060,72,49441,84.786982
3,7536,839426,67,56560,46.262597
3,7545,1093591,53,92746,54.617414
3,7547,1977324,41,215272,169.776177
3,7550,1967528,39,224950,164.324095
3,7568,1202130,49,110209,109.024729
3,7572,1394633,60,104869,143.235174
3,7588,723170,69,47581,77.906018
3,7599,1123403,65,78061,115.515300
3,7607,1136195,99,51925,144.329733
3,7608,580005,77,34264,35.265642
3,761,1114744,33,151294,49.426375
3,7615,957781,80,54322,109.243987
3,7617,1140735,24,211873,91.136281
3,7623,1464821,63,104818,77.596695
3,7629,572562,48,53710,27.688545
3,7640,302322,75,18418,35.230439
3,7648,799362,43,83542,71.690285
3,7653,1844787,72,115363,201.792672
3,7662,1614674,42,172036,74.948747
3,7662,1810180,47,172327,158.518875
3,7666,1563683,31,223990,124.990192
3,7684,1888390,93,91954,225.053569
3,7686,448393,89,23038,27.758969
3,7694,353324,61,26413,37.258636
3,7697,1262033,27,207592,102.669899
3,7705,1222616,96,57880,154.107840
3,7706,172864,45,17500,17.760896
3,7728,165502,30,24850,16.130235
3,7743,1712466,34,223528,144.685829
3,7779,1817623,87,94423,208.679143
3,7796,1465183,36,181480,66.853942
3,7802,164072,53,14203,9.609248
3,7810,910117,17,230050,41.628385
3,7839,1532064,86,80398,92.801049
3,7841,315737,62,23254,34.440136
3,7845,1166281,42,124675,106.794760
3,7855,916455,44,93520,83.451129
3,7862,440482,29,67984,37.762233
3,7866,922737,65,64114,51.455000
3,7872,461287,82,25630,28.142071
3,7877,199748,44,20551,20.147357
3,7899,944990,29,144073,77.874397
3,7904,496647,90,25306,31.407747
3,7904,678590,69,44536,74.539429
3,7905,582966,14,181381,27.786160
3,7907,428848,94,20998,56.135694
3,7909,1019087,70,65641,108.944161
3,7922,1799279,22,352084,78.130200
3,7933,1675981,13,535516,138.432455
3,7936,852289,21,178429,71.658743
3,7939,669142,94,32383,84.315006
3,7952,1242871,89,63223,76.101504
3,7960,209341,20,46108,19.125391
3,7986,747584,34,98197,35.958986
3,8006,1853987,11,680839,150.651587
3,8008,1159611,13,385825,100.439353
3,8017,1192573,29,183298,99.195521
3,802,614054,16,168409,24.089608
3,8029,1252434,14,381355,104.258224
3,8036,368806,47,35452,18.603787
3,8048,1571871,20,342793,128.077963
3,8060,757354,42,81094,67.875855
3,8076,385332,75,23404,45.350019
3,8081,292100,65,20620,33.606721
3,8081,877800,26,148780,71.705430
3,8092,724205,98,33595,48.416073
3,811,586699,27,97282,13.484778
3,8113,1111405,78,64510,126.775570
3,8116,978825,56,78433,95.711920
3,8123,647655,96,30853,86.875321
3,8145,691892,70,44902,78.569817
3,8156,924389,14,276424,79.777650
3,8157,983697,18,236596,83.843981
3,8158,925828,72,58360,104.876695
3,8161,1916750,74,116578,109.851846
3,8172,1004629,65,69724,106.301346
3,8173,1240446,87,64435,147.372828
3,8183,519819,74,32098,60.818673
3,8192,1208720,37,146023,106.027070
3,820,1692308,94,81592,117.332329
3,8204,1419132,75,85621,161.972915
3,8204,709157,40,79501,66.764126
3,8210,1988019,44,201613,96.378675
3,8211,1772157,29,269641,82.185096
3,825,615014,86,32578,47.214298
3,8270,1337908,44,136213,64.794087
3,8293,1019569,36,125914,89.683661
3,8304,1607206,93,78130,196.317845
3,8327,103433,73,6532,14.724403
3,833,786907,71,50005,27.084349
3,8332,282811,75,17383,35.222906
3,8336,1913547,22,374263,155.657567
3,834,736194,81,41137,51.190165
3,8341,1504328,70,96919,168.758356
3,8343,1805187,58,139312,179.475422
3,8347,90178,95,4444,15.231800
3,8359,1357074,38,159697,64.072722
3,837,1667477,57,131380,94.260936
3,8372,1810432,12,606025,146.652443
3,8395,1247140,79,71497,75.614986
3,8418,1248432,35,159661,108.055498
3,8422,1326093,41,144787,118.631998
3,8438,1165859,65,80923,64.718544
3,8449,1475947,54,123079,144.802496
3,8471,1179082,51,104092,114.338397
3,8472,324346,38,38731,31.610730
3,8514,1036046,58,80200,105.685737
3,8522,1849431,43,191680,169.558412
3,8529,803636,42,85795,39.193635
3,8533,439983,64,31333,48.789165
3,8543,1434690,47,136918,133.036426
3,8545,267893,18,66322,24.616990
3,8553,911315,53,77497,90.538432
3,8559,1073675,70,69304,118.693999
3,8561,621248,26,106588,52.292098
3,8578,808352,98,37651,108.457525
3,8581,135821,67,9328,17.696803
3,8582,1518884,38,178408,134.221494
3,8582,1522562,35,193576,130.541669
3,8588,1048941,36,130861,94.017468
3,8588,1349615,65,93529,144.694204
3,8589,1869145,16,479896,82.784004
3,8590,1487390,20,326341,126.700242
3,8591,125258,13,41677,7.815349
3,8594,132836,97,6448,10.493756
3,8597,961217,77,56392,113.599018
3,8606,136766,100,6343,20.834863
3,8607,425922,35,54700,40.221480
3,8608,1864861,48,173902,94.032093
3,8610,582090,75,35386,69.095831
3,8625,203065,22,41296,18.901991
3,8647,334673,55,27601,35.598256
3,8657,1234376,40,138160,113.600589
3,8677,510575,22,101554,43.534010
3,8685,995603,37,119995,88.736119
3,8686,126332,71,8197,17.837501
3,8694,1486636,13,487210,125.714536
3,8705,893230,63,64159,92.389892
3,8710,585636,58,45622,63.390484
3,8716,230581,62,17047,27.165569
3,8718,895083,53,76192,88.859859
3,8719,1695258,34,220321,80.279136
3,8731,1715386,95,81580,217.249601
3,8741,674899,40,75841,63.352882
3,8749,450318,64,31969,50.537503
3,8785,343296,89,17608,45.403976
3,8796,1238979,97,58051,159.562573
3,8796,1668353,45,165901,82.071983
3,8797,57336,26,10054,7.864928
3,8799,145232,77,8815,20.608093
3,8804,378391,96,18100,50.411300
3,8806,1453671,84,78037,91.085954
3,8818,1683710,76,99928,100.899266
3,882,1878150,69,122776,91.598187
3,8822,693340,91,34783,90.447350
3,8824,1485692,52,128413,142.244520
3,8830,1466893,67,98782,159.627203
3,8834,1810181,41,196843,163.193399
3,8839,956527,14,288919,84.074249
3,8860,1057438,54,88033,55.649888
3,8875,914338,25,161386,42.082416
3,888,555955,75,33733,41.205853
3,8926,1721270,14,515677,145.893087
3,8934,383702,40,43360,36.964804
3,8938,1601565,63,114382,168.892993
3,8943,225644,75,13792,29.545060
3,8949,1663746,28,262456,75.657777
3,8961,1144361,20,252646,96.540715
3,8964,1845042,80,104158,218.658383
3,8980,802765,41,87706,73.513274
3,8998,1629745,48,152362,153.060335
3,901,1762356,15,498946,62.401383
3,9012,1601790,98,73948,204.179011
3,903,1947915,92,95677,142.747495
3,9031,604269,37,73666,57.067637
3,9043,463698,51,41128,49.383485
3,9057,228596,79,13330,29.392543
3,9057,507061,58,39691,53.735719
3,9061,1530245,35,194947,134.178846
3,9064,1438275,75,86635,86.378000
3,9066,388298,87,20320,52.403904
3,9069,1131910,53,96343,112.281341
3,9075,401725,100,18544,29.041806
3,9078,185598,78,10924,24.740675
3,9081,1895874,98,87379,248.379579
3,9087,1755600,34,229399,153.289618
3,9094,1240251,99,56674,86.041742
3,9121,244651,100,11356,35.610012
3,9121,779567,24,144103,38.102444
3,9128,1651465,73,102016,180.760850
3,9135,1215893,11,467197,109.890398
3,9143,751409,22,150313,67.149165
3,915,913533,69,59815,63.297686
3,9158,1709463,58,131659,174.060726
3,9169,442483,80,25384,54.135552
3,9172,1945049,40,216130,179.137927
3,9179,1448665,10,595330,127.150826
3,9187,1484490,61,109522,156.258968
3,9190,575713,13,191959,54.218793
3,9191,1596462,27,261211,133.761735
3,9204,786521,30,116905,72.175285
3,9214,466997,44,48001,46.143992
3,9214,873245,43,90802,44.618101
3,9217,872831,30,128995,79.921855
3,9227,1446300,93,70495,184.295011
3,9228,771363,49,70750,40.433123
3,9230,1093718,59,83377,60.866347
3,9235,180995,21,38647,18.611646
3,9235,751169,95,35938,95.068773
3,9246,1830286,23,346018,153.608063
3,9247,1328389,22,266017,110.820539
3,9257,799518,94,38677,52.835253
3,9277,682471,56,55060,70.576511
3,928,1709482,70,110074,117.201766
3,9288,221067,96,10576,16.831537
3,9296,477837,31,68965,45.306215
3,9304,1841438,98,84928,237.614067
3,9327,1674071,53,141865,163.972566
3,9341,1199952,58,93295,127.613762
3,9341,531757,20,118081,48.269374
3,9357,64657,60,4960,9.304195
3,9359,1587718,45,157645,148.587525
3,9377,1049242,48,98341,102.241019
3,9400,532124,83,29239,70.206649
3,9409,976715,92,48352,129.359681
3,942,92494,43,9886,6.014247
3,9424,1555129,15,444409,129.847473
3,9429,1575891,10,631900,140.522611
3,9435,1269201,18,308821,112.608392
3,9462,198256,16,54367,20.855849
3,9464,1775206,91,88210,223.390267
3,947,1263714,16,341800,49.543009
3,9485,1870021,67,125767,205.402351
3,9513,1950741,69,126994,211.695572
3,9514,363079,23,70180,33.187947
3,9538,87747,97,4174,15.211231
3,9555,473214,16,127693,42.649051
3,9562,1274963,81,71179,152.880254
3,9566,1493399,77,87481,174.778009
3,9570,1483592,54,123493,152.620029
3,9572,513068,66,35398,30.906286
3,9577,1493595,67,100309,164.669362
3,9582,1527812,77,89731,177.808315
3,9598,1914876,78,110488,116.963708
3,9600,1222209,65,84886,132.045260
3,9600,1999165,35,251473,176.244701
3,9609,1074614,56,86491,110.371447
3,9613,1368453,46,133216,133.153700
3,9657,370041,23,71992,34.008755
3,9674,1017357,50,91558,99.192988
3,9679,1649314,78,95497,189.432867
3,9679,927263,94,44725,119.735814
3,9697,1408570,11,531121,128.075490
3,9700,1448784,12,506380,131.274224
3,9703,1111858,15,322318,98.323033
3,9706,93562,77,5716,14.608448
3,9712,1532154,100,69451,204.914617
3,9713,1274113,50,114493,129.340423
3,972,1040464,65,72085,74.326718
3,9731,395377,82,22126,28.081038
3,9740,1033254,69,67777,118.471714
3,9743,1491813,72,93256,88.836513
3,9753,1422726,75,85573,164.825781
3,9756,40614,76,2479,7.793624
3,9758,1538076,66,104899,169.545724
3,9765,1013783,82,56002,123.714558
3,9767,1421399,11,540154,128.436625
3,9773,1380473,32,192511,124.558797
3,9784,553726,23,107533,49.771509
3,9785,827756,63,59377,93.325366
3,9794,1320324,24,242755,112.149202
3,9810,799883,51,70687,84.801790
3,9816,1231694,73,76387,142.317958
3,9825,662041,90,33628,88.477019
3,9837,1322946,56,106183,141.278418
3,984,1868321,74,113833,126.249257
3,9846,611183,43,64255,60.197338
3,9846,891983,31,128020,82.643992
3,9853,1243309,35,158734,115.555759
3,9856,69374,47,6796,9.826284
3,9863,1049514,59,79999,59.243520
3,9889,1941821,10,737824,94.859052
3,990,470430,72,29914,34.701989
3,9912,515003,75,31282,33.190057
3,9949,1575642,71,100273,177.463174
3,9951,1433882,73,88714,166.202776
3,9955,646362,95,31147,90.938995
3,9977,1991326,17,494215,91.684232
3,9988,1444086,59,110353,159.974962
3,9989,1724342,75,103723,105.179370
3,9992,1273416,24,235378,110.029702
