Spam,10,57,4601,,2.857143,2.3538361225820474,0.7890,1.6907,0.4812,0.009128200845928696,0.04590083662916215,1.2675,1.9670,0.0101,0.0631
Spam,100,57,4601,,2.857143,2.3538361225820474,0.7890,1.6907,0.4812,0.00912820084592869,0.045900836629162174,1.2675,1.9670,0.0101,0.0631
Spam,1000,57,4601,,2.857143,2.3538361225820474,0.7890,1.6907,0.4812,0.00912820084592869,0.04590083662916218,1.2675,1.9670,0.0101,0.0631
Spam,10,2,1000,,2.2,2.6999999999999997,0.9000,1.2533,0.3757,0.06566350977445591,0.07596679867759785,1.1111,2.9522,0.0737,0.1319
Spam,100,2,1000,,2.2,2.6999999999999997,0.9000,1.2533,0.3757,0.06566350977445588,0.07596679867759784,1.1111,2.9522,0.0737,0.1319
Spam,1000,2,1000,,2.2,2.6999999999999997,0.9000,1.2533,0.3757,0.06566350977445591,0.07596679867759784,1.1111,2.9522,0.0737,0.1319
Spam,10,10,1000,,2.6,4.62,1.5600,1.7769,0.4894,0.0354077815433457,0.02251960296880884,0.6410,0.7319,0.0454,0.1380
Spam,100,10,1000,,2.6,4.62,1.5600,1.7769,0.4894,0.03540778154334571,0.02251960296880884,0.6410,0.7319,0.0454,0.1380
Spam,1000,10,1000,,2.6,4.62,1.5600,1.7769,0.4894,0.03540778154334571,0.02251960296880884,0.6410,0.7319,0.0454,0.1380
Spam,10,20,1000,,3.0,3.5399999999999996,1.2000,1.8550,0.6870,0.076337372020585,0.046869960601003124,0.8333,1.1918,0.0753,0.1561
Spam,100,20,1000,,3.0,3.5399999999999996,1.2000,1.8550,0.6870,0.07633737202058496,0.04686996060100312,0.8333,1.1918,0.0753,0.1561
Spam,1000,20,1000,,3.0,3.5399999999999996,1.2000,1.8550,0.6870,0.07633737202058494,0.046869960601003124,0.8333,1.1918,0.0753,0.1561
Spam,10,30,1000,,3.6,3.7199999999999998,1.2600,1.9762,0.8295,0.0900975171825821,0.05874878666397153,0.7937,1.0234,0.0925,0.1647
Spam,100,30,1000,,3.6,3.7199999999999998,1.2600,1.9762,0.8295,0.0900975171825821,0.0587487866639715,0.7937,1.0234,0.0925,0.1647
Spam,1000,30,1000,,3.6,3.7199999999999998,1.2600,1.9762,0.8295,0.09009751718258209,0.05874878666397149,0.7937,1.0234,0.0925,0.1647
Spam,10,40,1000,,3.6,3.9,1.3200,1.9500,0.7910,0.08076549073945011,0.06294867426873955,0.7576,1.3218,0.0965,0.1602
Spam,100,40,1000,,3.6,3.9,1.3200,1.9500,0.7910,0.08076549073945011,0.06294867426873957,0.7576,1.3218,0.0965,0.1602
Spam,1000,40,1000,,3.6,3.9,1.3200,1.9500,0.7910,0.08076549073945008,0.06294867426873957,0.7576,1.3218,0.0965,0.1602
Spam,10,50,1000,,3.4,4.17,1.4100,2.0213,0.7885,0.08183262995266637,0.05787253029278417,0.7092,1.0611,0.0903,0.1536
Spam,100,50,1000,,3.4,4.17,1.4100,2.0213,0.7885,0.0818326299526664,0.057872530292784156,0.7092,1.0611,0.0903,0.1536
Spam,1000,50,1000,,3.4,4.17,1.4100,2.0213,0.7885,0.08183262995266638,0.05787253029278417,0.7092,1.0611,0.0903,0.1536
Shuttle,10,10,14500,,3.0,0.18827586206896552,0.0641,1.6815,0.8137,0.013902832698996772,0.028850217525450684,15.5914,63.2506,0.0591,0.1900
Shuttle,100,10,14500,,3.0,0.18827586206896552,0.0641,1.6815,0.8137,0.01390283269899677,0.028850217525450684,15.5914,63.2506,0.0591,0.1900
Shuttle,1000,10,14500,,3.0,0.18827586206896552,0.0641,1.6815,0.8137,0.01390283269899677,0.028850217525450684,15.5914,63.2506,0.0591,0.1900
Shuttle,10,2,1000,,2.6,4.17,1.3500,1.6044,0.4685,0.00106108573280447,0.0010011742540551058,0.7407,1.0865,0.0243,0.1472
Shuttle,100,2,1000,,2.6,4.17,1.3500,1.6044,0.4685,0.0010610857328044701,0.0010011742540551058,0.7407,1.0865,0.0243,0.1472
Shuttle,1000,2,1000,,2.6,4.17,1.3500,1.6044,0.4685,0.00106108573280447,0.0010011742540551058,0.7407,1.0865,0.0243,0.1472
Shuttle,10,2,5000,,2.4285715,2.028,0.6480,1.7209,0.3639,0.004106122716107637,0.02905320083192698,1.5432,3.6549,0.0122,0.0792
Shuttle,100,2,5000,,2.4285715,2.028,0.6480,1.7209,0.3639,0.004106122716107639,0.02905320083192699,1.5432,3.6549,0.0122,0.0792
Shuttle,1000,2,5000,,2.4285715,2.028,0.6480,1.7209,0.3639,0.004106122716107639,0.029053200831927,1.5432,3.6549,0.0122,0.0792
Shuttle,10,2,10000,,2.25,0.909,0.2910,1.6160,0.4153,0.006950225876000325,0.04444177828145829,3.4364,8.2782,0.0161,0.0824
Shuttle,100,2,10000,,2.25,0.909,0.2910,1.6160,0.4153,0.006950225876000325,0.0444417782814583,3.4364,8.2782,0.0161,0.0824
Shuttle,1000,2,10000,,2.25,0.909,0.2910,1.6160,0.4153,0.0069502258760003295,0.04444177828145829,3.4364,8.2782,0.0161,0.0824
Shuttle,10,10,1000,,3.2,2.9099999999999997,0.9900,1.8848,0.7033,0.002017645718941701,0.0014655452642657865,1.0101,1.2781,0.0385,0.1722
Shuttle,100,10,1000,,3.2,2.9099999999999997,0.9900,1.8848,0.7033,0.0020176457189417006,0.001465545264265786,1.0101,1.2781,0.0385,0.1722
Shuttle,1000,10,1000,,3.2,2.9099999999999997,0.9900,1.8848,0.7033,0.0020176457189417015,0.001465545264265786,1.0101,1.2781,0.0385,0.1722
Shuttle,10,10,5000,,3.4285715,1.248,0.4200,2.0265,0.6732,0.00429826578766273,0.013444908047639464,2.3810,3.5961,0.0224,0.1205
Shuttle,100,10,5000,,3.4285715,1.248,0.4200,2.0265,0.6732,0.004298265787662731,0.013444908047639462,2.3810,3.5961,0.0224,0.1205
Shuttle,1000,10,5000,,3.4285715,1.248,0.4200,2.0265,0.6732,0.004298265787662732,0.013444908047639462,2.3810,3.5961,0.0224,0.1205
Shuttle,10,10,10000,,2.75,0.8310000000000001,0.2790,1.7500,0.4976,0.006199321392576231,0.022595625762212235,3.5842,10.4172,0.0191,0.1068
Shuttle,100,10,10000,,2.75,0.8310000000000001,0.2790,1.7500,0.4976,0.00619932139257623,0.02259562576221223,3.5842,10.4172,0.0191,0.1068
Shuttle,1000,10,10000,,2.75,0.8310000000000001,0.2790,1.7500,0.4976,0.006199321392576228,0.02259562576221223,3.5842,10.4172,0.0191,0.1068
conf,10,3,164860,,1.9166666,4.246876137328643,1.4157,1.2912,0.1797,0.02449491044787458,0.02021338908314127,0.7063,0.3823,0.0143,0.0176
conf,100,3,164860,,1.9166666,4.246876137328643,1.4157,1.2912,0.1797,0.024494910447874583,0.02021338908314131,0.7063,0.3823,0.0143,0.0176
KeggDirected,10,23,53400,,2.8,1.0640449438202246,0.3506,1.5679,0.3294,0.001912579736020254,0.014590010463054054,2.8526,17.8353,0.0023,0.0271
euro,10,2,169300,,2.0,2.0176018901358534,0.6727,1.4361,0.1980,0.0029579345734079532,0.012919853795529323,1.4867,1.9999,0.0020,0.0110
conf,1000,3,164860,,1.9166666,4.246876137328643,1.4157,1.2912,0.1797,0.024494910447874618,0.020213389083141256,0.7063,0.3823,0.0143,0.0176
conf,10,2,1000,,2.0,5.25,1.7700,1.4508,0.3427,0.0440760518677411,0.03369277927382835,0.5650,0.3077,0.0601,0.1284
conf,100,2,1000,,2.0,5.25,1.7700,1.4508,0.3427,0.0440760518677411,0.03369277927382835,0.5650,0.3077,0.0601,0.1284
conf,1000,2,1000,,2.0,5.25,1.7700,1.4508,0.3427,0.04407605186774109,0.03369277927382834,0.5650,0.3077,0.0601,0.1284
conf,10,2,5000,,2.0,4.632000000000001,1.5480,1.4197,0.2964,0.03443539179007372,0.04183966500024749,0.6460,0.3158,0.0262,0.0367
conf,100,2,5000,,2.0,4.632000000000001,1.5480,1.4197,0.2964,0.03443539179007373,0.041839665000247495,0.6460,0.3158,0.0262,0.0367
conf,1000,2,5000,,2.0,4.632000000000001,1.5480,1.4197,0.2964,0.03443539179007376,0.041839665000247474,0.6460,0.3158,0.0262,0.0367
conf,10,2,10000,,2.0,4.6290000000000004,1.5450,1.3481,0.2636,0.025417383266844527,0.028109502183772603,0.6472,0.2584,0.0193,0.0291
conf,100,2,10000,,2.0,4.6290000000000004,1.5450,1.3481,0.2636,0.025417383266844524,0.028109502183772596,0.6472,0.2584,0.0193,0.0291
conf,1000,2,10000,,2.0,4.6290000000000004,1.5450,1.3481,0.2636,0.025417383266844507,0.028109502183772592,0.6472,0.2584,0.0193,0.0291
conf,10,2,50000,,1.7,4.5294,1.5102,1.2934,0.1692,0.013138036042847192,0.016533805466080517,0.6622,0.2085,0.0093,0.0156
KeggUndirect,10,20,65550,,2.3636363,2.034324942791762,0.6677,1.4727,0.2624,4.292468768055074E-4,0.002064659318021668,1.4976,6.6947,0.0012,0.0271
conf,100,2,50000,,1.7,4.5294,1.5102,1.2934,0.1692,0.013138036042847172,0.016533805466080544,0.6622,0.2085,0.0093,0.0156
conf,1000,2,50000,,1.7,4.5294,1.5102,1.2934,0.1692,0.01313803604284716,0.016533805466080534,0.6622,0.2085,0.0093,0.0156
conf,10,2,100000,,1.8181819,4.4778,1.4928,1.2835,0.1501,0.009337799888073763,0.01198730529117082,0.6699,0.2079,0.0065,0.0111
Skin,10,4,245057,,2.0,2.529452331498386,0.8178,1.3186,0.2265,0.017948391534582078,0.021891574960382704,1.2228,3.7069,0.0148,0.0230
conf,100,2,100000,,1.8181819,4.4778,1.4928,1.2835,0.1501,0.009337799888073746,0.01198730529117083,0.6699,0.2079,0.0065,0.0111
conf,1000,2,100000,,1.8181819,4.4778,1.4928,1.2835,0.1501,0.009337799888073747,0.011987305291170832,0.6699,0.2079,0.0065,0.0111
euro,100,2,169300,,2.0,2.0176018901358534,0.6727,1.4361,0.1980,0.0029579345734079498,0.012919853795529334,1.4867,1.9999,0.0020,0.0110
KeggDirected,100,23,53400,,2.8,1.0640449438202246,0.3506,1.5679,0.3294,0.0019125797360202547,0.014590010463054049,2.8526,17.8353,0.0023,0.0271
Skin,100,4,245057,,2.0,2.529452331498386,0.8178,1.3186,0.2265,0.017948391534582064,0.021891574960382593,1.2228,3.7069,0.0148,0.0230
euro,1000,2,169300,,2.0,2.0176018901358534,0.6727,1.4361,0.1980,0.002957934573407949,0.012919853795529316,1.4867,1.9999,0.0020,0.0110
euro,10,2,1000,,2.2,4.35,1.4700,1.5265,0.4421,0.08256335214638463,0.10680362848767724,0.6803,0.3337,0.0533,0.0764
euro,100,2,1000,,2.2,4.35,1.4700,1.5265,0.4421,0.08256335214638462,0.10680362848767724,0.6803,0.3337,0.0533,0.0764
euro,1000,2,1000,,2.2,4.35,1.4700,1.5265,0.4421,0.08256335214638462,0.10680362848767726,0.6803,0.3337,0.0533,0.0764
euro,10,2,5000,,2.2857144,3.354,1.1220,1.5882,0.3594,0.017679776523110702,0.028887293298886733,0.8913,0.5555,0.0171,0.0576
euro,100,2,5000,,2.2857144,3.354,1.1220,1.5882,0.3594,0.017679776523110695,0.02888729329888672,0.8913,0.5555,0.0171,0.0576
euro,1000,2,5000,,2.2857144,3.354,1.1220,1.5882,0.3594,0.017679776523110695,0.028887293298886715,0.8913,0.5555,0.0171,0.0576
euro,10,2,10000,,2.125,3.216,1.0740,1.5370,0.3049,0.011935787625473244,0.01929947239796218,0.9311,0.8382,0.0110,0.0426
euro,100,2,10000,,2.125,3.216,1.0740,1.5370,0.3049,0.011935787625473227,0.019299472397962182,0.9311,0.8382,0.0110,0.0426
euro,1000,2,10000,,2.125,3.216,1.0740,1.5370,0.3049,0.011935787625473232,0.01929947239796218,0.9311,0.8382,0.0110,0.0426
euro,10,2,50000,,2.0,2.6376,0.8796,1.4610,0.2470,0.006738390674838927,0.015501877665463666,1.1369,1.3975,0.0045,0.0138
euro,100,2,50000,,2.0,2.6376,0.8796,1.4610,0.2470,0.006738390674838902,0.015501877665463671,1.1369,1.3975,0.0045,0.0138
KeggUndirect,100,20,65550,,2.3636363,2.034324942791762,0.6677,1.4727,0.2624,4.2924687680550715E-4,0.0020646593180216706,1.4976,6.6947,0.0012,0.0271
euro,1000,2,50000,,2.0,2.6376,0.8796,1.4610,0.2470,0.006738390674838898,0.015501877665463666,1.1369,1.3975,0.0045,0.0138
KeggDirected,1000,23,53400,,2.8,1.0640449438202246,0.3506,1.5679,0.3294,0.0019125797360202566,0.014590010463054042,2.8526,17.8353,0.0023,0.0271
KeggDirected,10,2,1000,,2.2,3.63,1.2300,1.5659,0.4415,0.017445559995165668,0.04120626142910835,0.8130,0.8610,0.0265,0.1139
KeggDirected,100,2,1000,,2.2,3.63,1.2300,1.5659,0.4415,0.017445559995165665,0.041206261429108354,0.8130,0.8610,0.0265,0.1139
KeggDirected,1000,2,1000,,2.2,3.63,1.2300,1.5659,0.4415,0.017445559995165668,0.04120626142910836,0.8130,0.8610,0.0265,0.1139
KeggDirected,10,2,5000,,2.142857,3.1740000000000004,1.0020,1.4842,0.3211,0.008157040902291638,0.02482269471965239,0.9980,1.4474,0.0090,0.0545
KeggDirected,100,2,5000,,2.142857,3.1740000000000004,1.0020,1.4842,0.3211,0.00815704090229164,0.024822694719652354,0.9980,1.4474,0.0090,0.0545
KeggDirected,1000,2,5000,,2.142857,3.1740000000000004,1.0020,1.4842,0.3211,0.008157040902291638,0.024822694719652358,0.9980,1.4474,0.0090,0.0545
KeggDirected,10,2,10000,,2.0,2.853,0.8850,1.3877,0.2814,0.00552701775903723,0.013106196999293267,1.1299,2.1360,0.0052,0.0150
KeggDirected,100,2,10000,,2.0,2.853,0.8850,1.3877,0.2814,0.005527017759037231,0.01310619699929327,1.1299,2.1360,0.0052,0.0150
KeggDirected,1000,2,10000,,2.0,2.853,0.8850,1.3877,0.2814,0.00552701775903723,0.013106196999293267,1.1299,2.1360,0.0052,0.0150
KeggDirected,10,2,50000,,1.7,2.0928,0.5784,1.2841,0.2205,0.002870360462372593,0.0066409860024189415,1.7289,6.0912,0.0028,0.0076
KeggDirected,100,2,50000,,1.7,2.0928,0.5784,1.2841,0.2205,0.0028703604623725944,0.006640986002418939,1.7289,6.0912,0.0028,0.0076
KeggDirected,1000,2,50000,,1.7,2.0928,0.5784,1.2841,0.2205,0.0028703604623725957,0.006640986002418939,1.7289,6.0912,0.0028,0.0076
KeggDirected,10,10,1000,,2.6,3.4499999999999997,1.1700,1.7026,0.5508,0.02236462275446956,0.05394605419459889,0.8547,0.6137,0.0320,0.1185
KeggDirected,100,10,1000,,2.6,3.4499999999999997,1.1700,1.7026,0.5508,0.02236462275446956,0.05394605419459889,0.8547,0.6137,0.0320,0.1185
KeggDirected,1000,10,1000,,2.6,3.4499999999999997,1.1700,1.7026,0.5508,0.02236462275446956,0.05394605419459891,0.8547,0.6137,0.0320,0.1185
KeggDirected,10,10,5000,,2.7142856,3.0420000000000003,1.0140,1.5968,0.4171,0.00899841052475818,0.022786051505027775,0.9862,2.3887,0.0066,0.0243
KeggDirected,100,10,5000,,2.7142856,3.0420000000000003,1.0140,1.5968,0.4171,0.008998410524758181,0.022786051505027778,0.9862,2.3887,0.0066,0.0243
KeggDirected,1000,10,5000,,2.7142856,3.0420000000000003,1.0140,1.5968,0.4171,0.00899841052475819,0.022786051505027775,0.9862,2.3887,0.0066,0.0243
KeggDirected,10,10,10000,,2.625,2.94,0.9720,1.5015,0.3579,0.006540554970400614,0.015438525512916084,1.0288,2.0734,0.0047,0.0181
euro,10,2,100000,,2.0,1.8129,0.6045,1.4856,0.2266,0.003725182723535229,0.01590167525881819,1.6543,2.5635,0.0026,0.0121
KeggDirected,100,10,10000,,2.625,2.94,0.9720,1.5015,0.3579,0.006540554970400613,0.015438525512916077,1.0288,2.0734,0.0047,0.0181
KeggDirected,1000,10,10000,,2.625,2.94,0.9720,1.5015,0.3579,0.006540554970400615,0.015438525512916077,1.0288,2.0734,0.0047,0.0181
Skin,1000,4,245057,,2.0,2.529452331498386,0.8178,1.3186,0.2265,0.0179483915345821,0.021891574960382514,1.2228,3.7069,0.0148,0.0230
Skin,10,2,1000,,2.0,5.789999999999999,1.9500,1.4431,0.3569,0.013235313921774433,0.02103294430394167,0.5128,0.2703,0.0170,0.0238
Skin,100,2,1000,,2.0,5.789999999999999,1.9500,1.4431,0.3569,0.013235313921774438,0.02103294430394166,0.5128,0.2703,0.0170,0.0238
Skin,1000,2,1000,,2.0,5.789999999999999,1.9500,1.4431,0.3569,0.013235313921774435,0.021032944303941658,0.5128,0.2703,0.0170,0.0238
Skin,10,2,5000,,2.0,4.5840000000000005,1.4040,1.3529,0.3018,0.013556836745842168,0.01746348396652444,0.7123,0.4601,0.0123,0.0137
Skin,100,2,5000,,2.0,4.5840000000000005,1.4040,1.3529,0.3018,0.013556836745842168,0.017463483966524394,0.7123,0.4601,0.0123,0.0137
Skin,1000,2,5000,,2.0,4.5840000000000005,1.4040,1.3529,0.3018,0.01355683674584217,0.017463483966524352,0.7123,0.4601,0.0123,0.0137
Skin,10,2,10000,,2.0,4.470000000000001,1.4340,1.2887,0.2459,0.011761947824906664,0.012007232764064797,0.6974,0.4167,0.0107,0.0131
Skin,100,2,10000,,2.0,4.470000000000001,1.4340,1.2887,0.2459,0.01176194782490666,0.012007232764064783,0.6974,0.4167,0.0107,0.0131
Skin,1000,2,10000,,2.0,4.470000000000001,1.4340,1.2887,0.2459,0.011761947824906655,0.012007232764064782,0.6974,0.4167,0.0107,0.0131
Skin,10,2,50000,,1.7,4.5089999999999995,1.3326,1.2567,0.1865,0.005144906156388857,0.0073994536881860536,0.7504,0.5206,0.0065,0.0064
Skin,100,2,50000,,1.7,4.5089999999999995,1.3326,1.2567,0.1865,0.005144906156388861,0.007399453688186054,0.7504,0.5206,0.0065,0.0064
Skin,1000,2,50000,,1.7,4.5089999999999995,1.3326,1.2567,0.1865,0.005144906156388863,0.007399453688186352,0.7504,0.5206,0.0065,0.0064
euro,100,2,100000,,2.0,1.8129,0.6045,1.4856,0.2266,0.003725182723535238,0.015901675258818214,1.6543,2.5635,0.0026,0.0121
KeggDirected,10,10,50000,,2.4,1.5948,0.5268,1.4564,0.2988,0.003296248346925256,0.007234359077747728,1.8983,9.3492,0.0025,0.0099
Skin,10,2,100000,,1.7272727,3.6281999999999996,1.0608,1.2619,0.1894,0.005944638565841901,0.010997996384862698,0.9427,1.7520,0.0067,0.0123
Skin,100,2,100000,,1.7272727,3.6281999999999996,1.0608,1.2619,0.1894,0.005944638565841905,0.010997996384862504,0.9427,1.7520,0.0067,0.0123
Skin,1000,2,100000,,1.7272727,3.6281999999999996,1.0608,1.2619,0.1894,0.00594463856584191,0.010997996384862813,0.9427,1.7520,0.0067,0.0123
KeggDirected,100,10,50000,,2.4,1.5948,0.5268,1.4564,0.2988,0.0032962483469252545,0.007234359077747739,1.8983,9.3492,0.0025,0.0099
euro,1000,2,100000,,2.0,1.8129,0.6045,1.4856,0.2266,0.0037251827235352244,0.015901675258818224,1.6543,2.5635,0.0026,0.0121
KeggDirected,1000,10,50000,,2.4,1.5948,0.5268,1.4564,0.2988,0.003296248346925247,0.00723435907774773,1.8983,9.3492,0.0025,0.0099
KeggDirected,10,20,1000,,3.2,3.3299999999999996,1.1100,1.7027,0.5893,0.023411281541902862,0.05478292203713372,0.9009,0.6770,0.0345,0.1214
KeggDirected,100,20,1000,,3.2,3.3299999999999996,1.1100,1.7027,0.5893,0.023411281541902872,0.05478292203713372,0.9009,0.6770,0.0345,0.1214
KeggDirected,1000,20,1000,,3.2,3.3299999999999996,1.1100,1.7027,0.5893,0.023411281541902872,0.05478292203713372,0.9009,0.6770,0.0345,0.1214
KeggDirected,10,20,5000,,2.2857144,2.85,0.9540,1.5553,0.3905,0.009767148147618369,0.022173603534841473,1.0482,2.8860,0.0072,0.0252
KeggDirected,100,20,5000,,2.2857144,2.85,0.9540,1.5553,0.3905,0.00976714814761838,0.022173603534841473,1.0482,2.8860,0.0072,0.0252
KeggDirected,1000,20,5000,,2.2857144,2.85,0.9540,1.5553,0.3905,0.009767148147618384,0.022173603534841466,1.0482,2.8860,0.0072,0.0252
KeggDirected,10,20,10000,,2.5,2.9970000000000003,0.9930,1.5208,0.3709,0.007102756003313053,0.014721754491085445,1.0070,2.9311,0.0056,0.0200
KeggDirected,100,20,10000,,2.5,2.9970000000000003,0.9930,1.5208,0.3709,0.007102756003313059,0.014721754491085438,1.0070,2.9311,0.0056,0.0200
KeggDirected,1000,20,10000,,2.5,2.9970000000000003,0.9930,1.5208,0.3709,0.007102756003313052,0.014721754491085447,1.0070,2.9311,0.0056,0.0200
Spatial,10,3,434874,,1.8461539,4.477365857696713,1.4925,1.2649,0.1467,0.001044895174979306,7.516310139550376E-4,0.6700,0.3751,0.0007,0.0008
KeggUndirect,1000,20,65550,,2.3636363,2.034324942791762,0.6677,1.4727,0.2624,4.2924687680550704E-4,0.0020646593180216723,1.4976,6.6947,0.0012,0.0271
KeggUndirect,10,2,1000,,2.2,4.17,1.2900,1.4465,0.3526,0.020381723466421083,0.05028055025231528,0.7752,0.5099,0.0398,0.1250
KeggUndirect,100,2,1000,,2.2,4.17,1.2900,1.4465,0.3526,0.020381723466421083,0.050280550252315294,0.7752,0.5099,0.0398,0.1250
KeggUndirect,1000,2,1000,,2.2,4.17,1.2900,1.4465,0.3526,0.020381723466421087,0.050280550252315294,0.7752,0.5099,0.0398,0.1250
KeggUndirect,10,2,5000,,1.8571428,3.0,0.5160,1.3571,0.3784,0.012716031802092898,0.03655275866775293,1.9380,2.3201,0.0208,0.0884
KeggUndirect,100,2,5000,,1.8571428,3.0,0.5160,1.3571,0.3784,0.012716031802092896,0.0365527586677529,1.9380,2.3201,0.0208,0.0884
KeggUndirect,1000,2,5000,,1.8571428,3.0,0.5160,1.3571,0.3784,0.012716031802092895,0.03655275866775289,1.9380,2.3201,0.0208,0.0884
KeggUndirect,10,2,10000,,1.75,2.5380000000000003,0.3420,1.3114,0.3564,0.009497601420576464,0.03250696601357812,2.9240,4.2284,0.0171,0.0768
KeggUndirect,100,2,10000,,1.75,2.5380000000000003,0.3420,1.3114,0.3564,0.009497601420576464,0.03250696601357805,2.9240,4.2284,0.0171,0.0768
KeggUndirect,1000,2,10000,,1.75,2.5380000000000003,0.3420,1.3114,0.3564,0.009497601420576464,0.03250696601357813,2.9240,4.2284,0.0171,0.0768
KeggUndirect,10,2,50000,,1.6,1.002,0.1104,1.2310,0.3379,0.007694787016707209,0.04026512810356943,9.0580,18.2073,0.0114,0.0548
KeggUndirect,100,2,50000,,1.6,1.002,0.1104,1.2310,0.3379,0.007694787016707209,0.040265128103569435,9.0580,18.2073,0.0114,0.0548
KeggUndirect,1000,2,50000,,1.6,1.002,0.1104,1.2310,0.3379,0.007694787016707208,0.040265128103569435,9.0580,18.2073,0.0114,0.0548
KeggUndirect,10,10,1000,,2.8,2.82,0.9600,1.8125,0.6518,0.0015129854708930811,0.004163359134716576,1.0417,1.4177,0.0433,0.1794
KeggUndirect,100,10,1000,,2.8,2.82,0.9600,1.8125,0.6518,0.0015129854708930811,0.004163359134716576,1.0417,1.4177,0.0433,0.1794
KeggUndirect,1000,10,1000,,2.8,2.82,0.9600,1.8125,0.6518,0.0015129854708930811,0.004163359134716575,1.0417,1.4177,0.0433,0.1794
KeggUndirect,10,10,5000,,2.4285715,2.64,0.8760,1.6477,0.3532,0.0011053476563465741,0.007907951221155972,1.1416,1.9912,0.0090,0.0848
KeggUndirect,100,10,5000,,2.4285715,2.64,0.8760,1.6477,0.3532,0.0011053476563465728,0.007907951221155972,1.1416,1.9912,0.0090,0.0848
KeggUndirect,1000,10,5000,,2.4285715,2.64,0.8760,1.6477,0.3532,0.0011053476563465724,0.007907951221155972,1.1416,1.9912,0.0090,0.0848
KeggUndirect,10,10,10000,,2.75,2.862,0.9300,1.6290,0.3408,5.416888511188669E-4,0.005371896278576746,1.0753,2.1271,0.0043,0.0583
KeggUndirect,100,10,10000,,2.75,2.862,0.9300,1.6290,0.3408,5.416888511188669E-4,0.005371896278576749,1.0753,2.1271,0.0043,0.0583
KeggUndirect,1000,10,10000,,2.75,2.862,0.9300,1.6290,0.3408,5.41688851118867E-4,0.005371896278576737,1.0753,2.1271,0.0043,0.0583
KeggDirected,10,20,50000,,2.6,1.1021999999999998,0.3642,1.5614,0.3259,0.001828662796720137,0.014673878558853715,2.7457,21.2175,0.0024,0.0276
KeggDirected,100,20,50000,,2.6,1.1021999999999998,0.3642,1.5614,0.3259,0.001828662796720137,0.014673878558853675,2.7457,21.2175,0.0024,0.0276
KeggUndirect,10,10,50000,,2.8,1.7795999999999998,0.5772,1.5308,0.2930,2.3795880897776618E-4,0.002405176945413392,1.7325,6.1388,0.0015,0.0333
KeggDirected,1000,20,50000,,2.6,1.1021999999999998,0.3642,1.5614,0.3259,0.001828662796720136,0.01467387855885366,2.7457,21.2175,0.0024,0.0276
Spatial,100,3,434874,,1.8461539,4.477365857696713,1.4925,1.2649,0.1467,0.0010448951749793115,7.516310139550368E-4,0.6700,0.3751,0.0007,0.0008
covtype,10,54,581000,,1.6428572,4.587263339070567,1.5291,1.1761,0.1519,0.020361922634951606,0.006706318245383548,0.6540,0.2568,0.0113,0.0072
KeggUndirect,100,10,50000,,2.8,1.7795999999999998,0.5772,1.5308,0.2930,2.379588089777662E-4,0.0024051769454133927,1.7325,6.1388,0.0015,0.0333
KeggUndirect,1000,10,50000,,2.8,1.7795999999999998,0.5772,1.5308,0.2930,2.3795880897776642E-4,0.002405176945413394,1.7325,6.1388,0.0015,0.0333
KeggUndirect,10,20,1000,,2.6,2.6399999999999997,0.9000,1.7333,0.6247,0.002100227431503247,0.004325003979415408,1.1111,1.5145,0.0462,0.1849
KeggUndirect,100,20,1000,,2.6,2.6399999999999997,0.9000,1.7333,0.6247,0.002100227431503247,0.004325003979415407,1.1111,1.5145,0.0462,0.1849
KeggUndirect,1000,20,1000,,2.6,2.6399999999999997,0.9000,1.7333,0.6247,0.0021002274315032464,0.004325003979415408,1.1111,1.5145,0.0462,0.1849
KeggUndirect,10,20,5000,,2.5714285,2.664,0.8880,1.6931,0.4028,0.0014696965686110321,0.007826773031528794,1.1261,1.6435,0.0091,0.0842
KeggUndirect,100,20,5000,,2.5714285,2.664,0.8880,1.6931,0.4028,0.0014696965686110315,0.007826773031528794,1.1261,1.6435,0.0091,0.0842
KeggUndirect,1000,20,5000,,2.5714285,2.664,0.8880,1.6931,0.4028,0.0014696965686110321,0.007826773031528794,1.1261,1.6435,0.0091,0.0842
KeggUndirect,10,20,10000,,2.625,2.508,0.8280,1.6123,0.3439,9.624108282943334E-4,0.005720476278359467,1.2077,2.7984,0.0050,0.0618
KeggUndirect,100,20,10000,,2.625,2.508,0.8280,1.6123,0.3439,9.624108282943332E-4,0.005720476278359465,1.2077,2.7984,0.0050,0.0618
KeggUndirect,1000,20,10000,,2.625,2.508,0.8280,1.6123,0.3439,9.624108282943323E-4,0.005720476278359465,1.2077,2.7984,0.0050,0.0618
Spatial,1000,3,434874,,1.8461539,4.477365857696713,1.4925,1.2649,0.1467,0.0010448951749793159,7.516310139550375E-4,0.6700,0.3751,0.0007,0.0008
Spatial,10,2,1000,,2.0,4.9799999999999995,1.6800,1.3321,0.3077,0.010639122709236929,0.01503501811766915,0.5952,0.2825,0.0220,0.0280
Spatial,100,2,1000,,2.0,4.9799999999999995,1.6800,1.3321,0.3077,0.01063912270923693,0.01503501811766915,0.5952,0.2825,0.0220,0.0280
Spatial,1000,2,1000,,2.0,4.9799999999999995,1.6800,1.3321,0.3077,0.010639122709236929,0.01503501811766915,0.5952,0.2825,0.0220,0.0280
Spatial,10,2,5000,,2.0,5.064,1.6920,1.3521,0.2783,0.009240416972233005,0.017457188902737328,0.5910,0.2851,0.0168,0.0327
Spatial,100,2,5000,,2.0,5.064,1.6920,1.3521,0.2783,0.009240416972233007,0.017457188902737324,0.5910,0.2851,0.0168,0.0327
Spatial,1000,2,5000,,2.0,5.064,1.6920,1.3521,0.2783,0.009240416972233007,0.01745718890273733,0.5910,0.2851,0.0168,0.0327
Spatial,10,2,10000,,1.875,5.097,1.7010,1.3472,0.2507,0.006197555528146795,0.009755860403927032,0.5879,0.2787,0.0133,0.0272
Spatial,100,2,10000,,1.875,5.097,1.7010,1.3472,0.2507,0.0061975555281468045,0.009755860403927038,0.5879,0.2787,0.0133,0.0272
Spatial,1000,2,10000,,1.875,5.097,1.7010,1.3472,0.2507,0.006197555528146807,0.009755860403927032,0.5879,0.2787,0.0133,0.0272
Spatial,10,2,50000,,1.8,4.7741999999999996,1.5918,1.2762,0.1988,0.00455679788752678,0.004651355137746352,0.6282,0.3347,0.0054,0.0070
Spatial,100,2,50000,,1.8,4.7741999999999996,1.5918,1.2762,0.1988,0.004556797887526782,0.004651355137746356,0.6282,0.3347,0.0054,0.0070
Spatial,1000,2,50000,,1.8,4.7741999999999996,1.5918,1.2762,0.1988,0.004556797887526783,0.0046513551377463476,0.6282,0.3347,0.0054,0.0070
Spatial,10,2,100000,,1.9090909,4.7459999999999996,1.5822,1.2535,0.1869,0.003832284767055072,0.003628647100507357,0.6320,0.3127,0.0041,0.0050
Spatial,100,2,100000,,1.9090909,4.7459999999999996,1.5822,1.2535,0.1869,0.00383228476705507,0.0036286471005073603,0.6320,0.3127,0.0041,0.0050
KeggUndirect,10,20,50000,,2.8,1.8377999999999999,0.6042,1.5558,0.2876,5.361541225437272E-4,0.002473505769112931,1.6551,5.1929,0.0016,0.0326
Spatial,1000,2,100000,,1.9090909,4.7459999999999996,1.5822,1.2535,0.1869,0.0038322847670550675,0.003628647100507352,0.6320,0.3127,0.0041,0.0050
KeggUndirect,100,20,50000,,2.8,1.8377999999999999,0.6042,1.5558,0.2876,5.36154122543728E-4,0.002473505769112932,1.6551,5.1929,0.0016,0.0326
KeggUndirect,1000,20,50000,,2.8,1.8377999999999999,0.6042,1.5558,0.2876,5.361541225437278E-4,0.0024735057691129274,1.6551,5.1929,0.0016,0.0326
covtype,100,54,581000,,1.6428572,4.587263339070567,1.5291,1.1761,0.1519,0.02036192263495183,0.006706318245383604,0.6540,0.2568,0.0113,0.0072
Bigcross,10,57,1162000,,1.6666666,4.732925989672977,1.5777,1.1698,0.1415,0.020292133671471035,0.007258225628507356,0.6339,0.2750,0.0136,0.0092
covtype,1000,54,581000,,1.6428572,4.587263339070567,1.5291,1.1761,0.1519,0.020361922634951925,0.006706318245383599,0.6540,0.2568,0.0113,0.0072
covtype,10,2,1000,,1.4,4.4399999999999995,1.5000,1.1960,0.1897,0.044250638918835065,0.020116960594788447,0.6667,0.1867,0.0276,0.0163
covtype,100,2,1000,,1.4,4.4399999999999995,1.5000,1.1960,0.1897,0.044250638918835065,0.020116960594788447,0.6667,0.1867,0.0276,0.0163
covtype,1000,2,1000,,1.4,4.4399999999999995,1.5000,1.1960,0.1897,0.04425063891883506,0.02011696059478845,0.6667,0.1867,0.0276,0.0163
covtype,10,2,5000,,1.5714285,4.434,1.4820,1.2088,0.1699,0.02578046251291505,0.01196667805291875,0.6748,0.2038,0.0163,0.0091
covtype,100,2,5000,,1.5714285,4.434,1.4820,1.2088,0.1699,0.025780462512915082,0.011966678052918752,0.6748,0.2038,0.0163,0.0091
covtype,1000,2,5000,,1.5714285,4.434,1.4820,1.2088,0.1699,0.025780462512915086,0.01196667805291875,0.6748,0.2038,0.0163,0.0091
covtype,10,2,10000,,1.5,4.422000000000001,1.4760,1.1845,0.1496,0.017775947644598188,0.008383942835463065,0.6775,0.1881,0.0121,0.0075
covtype,100,2,10000,,1.5,4.422000000000001,1.4760,1.1845,0.1496,0.01777594764459818,0.008383942835463072,0.6775,0.1881,0.0121,0.0075
covtype,1000,2,10000,,1.5,4.422000000000001,1.4760,1.1845,0.1496,0.017775947644598167,0.008383942835463067,0.6775,0.1881,0.0121,0.0075
covtype,10,2,50000,,1.7,4.6704,1.4700,1.2504,0.1653,0.004806980518407478,0.006425167957824035,0.6803,0.2956,0.0050,0.0057
covtype,100,2,50000,,1.7,4.6704,1.4700,1.2504,0.1653,0.004806980518407476,0.006425167957824174,0.6803,0.2956,0.0050,0.0057
covtype,1000,2,50000,,1.7,4.6704,1.4700,1.2504,0.1653,0.004806980518407478,0.006425167957824017,0.6803,0.2956,0.0050,0.0057
covtype,10,2,100000,,1.6363636,4.7025,1.2111,1.2302,0.1677,0.002390852114475202,0.00463769251681748,0.8257,0.5391,0.0036,0.0042
covtype,100,2,100000,,1.6363636,4.7025,1.2111,1.2302,0.1677,0.0023908521144752008,0.004637692516817741,0.8257,0.5391,0.0036,0.0042
covtype,1000,2,100000,,1.6363636,4.7025,1.2111,1.2302,0.1677,0.0023908521144752016,0.00463769251681776,0.8257,0.5391,0.0036,0.0042
covtype,10,2,500000,,1.4285715,3.9892199999999995,0.5613,1.1571,0.1642,8.255320767893927E-4,0.003304491387846068,1.7816,1.5780,0.0017,0.0037
covtype,100,2,500000,,1.4285715,3.9892199999999995,0.5613,1.1571,0.1642,8.255320767893946E-4,0.003304491387846098,1.7816,1.5780,0.0017,0.0037
covtype,1000,2,500000,,1.4285715,3.9892199999999995,0.5613,1.1571,0.1642,8.255320767893939E-4,0.003304491387846096,1.7816,1.5780,0.0017,0.0037
covtype,10,10,1000,,1.8,4.89,1.6500,1.2145,0.1939,0.14800689174778345,0.050451824023461274,0.6061,0.2235,0.0959,0.0481
covtype,100,10,1000,,1.8,4.89,1.6500,1.2145,0.1939,0.14800689174778345,0.050451824023461274,0.6061,0.2235,0.0959,0.0481
covtype,1000,10,1000,,1.8,4.89,1.6500,1.2145,0.1939,0.14800689174778345,0.05045182402346127,0.6061,0.2235,0.0959,0.0481
covtype,10,10,5000,,2.0,4.524,1.5120,1.4144,0.3546,0.05569946743402778,0.030725864908061194,0.6614,0.2947,0.0306,0.0261
covtype,100,10,5000,,2.0,4.524,1.5120,1.4144,0.3546,0.0556994674340278,0.030725864908061198,0.6614,0.2947,0.0306,0.0261
covtype,1000,10,5000,,2.0,4.524,1.5120,1.4144,0.3546,0.055699467434027795,0.030725864908061194,0.6614,0.2947,0.0306,0.0261
covtype,10,10,10000,,2.125,4.575,1.5270,1.3558,0.2892,0.04724601753409477,0.02323056492167709,0.6549,0.2304,0.0258,0.0212
covtype,100,10,10000,,2.125,4.575,1.5270,1.3558,0.2892,0.047246017534094756,0.023230564921677098,0.6549,0.2304,0.0258,0.0212
covtype,1000,10,10000,,2.125,4.575,1.5270,1.3558,0.2892,0.047246017534094714,0.023230564921677084,0.6549,0.2304,0.0258,0.0212
covtype,10,10,50000,,1.6,4.8174,1.6062,1.2344,0.1577,0.037528202085980907,0.01786657399163021,0.6226,0.2329,0.0231,0.0161
covtype,100,10,50000,,1.6,4.8174,1.6062,1.2344,0.1577,0.03752820208598087,0.017866573991630216,0.6226,0.2329,0.0231,0.0161
covtype,1000,10,50000,,1.6,4.8174,1.6062,1.2344,0.1577,0.03752820208598087,0.01786657399163022,0.6226,0.2329,0.0231,0.0161
covtype,10,10,100000,,1.6363636,4.7892,1.5966,1.2086,0.1388,0.03215341568186443,0.013665120392357042,0.6263,0.2333,0.0195,0.0130
covtype,100,10,100000,,1.6363636,4.7892,1.5966,1.2086,0.1388,0.03215341568186451,0.013665120392357021,0.6263,0.2333,0.0195,0.0130
covtype,1000,10,100000,,1.6363636,4.7892,1.5966,1.2086,0.1388,0.032153415681864535,0.013665120392357042,0.6263,0.2333,0.0195,0.0130
covtype,10,10,500000,,1.5714285,4.44696,1.4824,1.1463,0.1440,0.021194048373961348,0.0071826610279025985,0.6746,0.3273,0.0119,0.0080
covtype,100,10,500000,,1.5714285,4.44696,1.4824,1.1463,0.1440,0.02119404837396144,0.0071826610279025725,0.6746,0.3273,0.0119,0.0080
covtype,1000,10,500000,,1.5714285,4.44696,1.4824,1.1463,0.1440,0.0211940483739615,0.007182661027902551,0.6746,0.3273,0.0119,0.0080
covtype,10,20,1000,,1.6,4.62,1.5600,1.1923,0.1838,0.1482437726960944,0.04291973832411375,0.6410,0.2180,0.0883,0.0470
covtype,100,20,1000,,1.6,4.62,1.5600,1.1923,0.1838,0.1482437726960944,0.04291973832411374,0.6410,0.2180,0.0883,0.0470
covtype,1000,20,1000,,1.6,4.62,1.5600,1.1923,0.1838,0.1482437726960944,0.04291973832411374,0.6410,0.2180,0.0883,0.0470
covtype,10,20,5000,,2.142857,4.506,1.5060,1.4132,0.3546,0.0537386612132622,0.029888692001851885,0.6640,0.3020,0.0311,0.0258
covtype,100,20,5000,,2.142857,4.506,1.5060,1.4132,0.3546,0.053738661213262214,0.029888692001851888,0.6640,0.3020,0.0311,0.0258
covtype,1000,20,5000,,2.142857,4.506,1.5060,1.4132,0.3546,0.05373866121326217,0.029888692001851878,0.6640,0.3020,0.0311,0.0258
covtype,10,20,10000,,1.875,4.647,1.5510,1.3489,0.2753,0.0474274684007485,0.023887328300398258,0.6447,0.2288,0.0261,0.0208
covtype,100,20,10000,,1.875,4.647,1.5510,1.3489,0.2753,0.047427468400748574,0.02388732830039825,0.6447,0.2288,0.0261,0.0208
covtype,1000,20,10000,,1.875,4.647,1.5510,1.3489,0.2753,0.047427468400748594,0.023887328300398247,0.6447,0.2288,0.0261,0.0208
covtype,10,20,50000,,1.7,4.7832,1.5948,1.2309,0.1554,0.037465146018747134,0.01840319770442668,0.6270,0.2330,0.0230,0.0166
covtype,100,20,50000,,1.7,4.7832,1.5948,1.2309,0.1554,0.03746514601874714,0.01840319770442665,0.6270,0.2330,0.0230,0.0166
covtype,1000,20,50000,,1.7,4.7832,1.5948,1.2309,0.1554,0.03746514601874712,0.01840319770442663,0.6270,0.2330,0.0230,0.0166
covtype,10,20,100000,,1.6363636,4.8243,1.6083,1.2080,0.1361,0.031901984759233684,0.013514992681328771,0.6218,0.2320,0.0196,0.0131
covtype,100,20,100000,,1.6363636,4.8243,1.6083,1.2080,0.1361,0.0319019847592337,0.013514992681328787,0.6218,0.2320,0.0196,0.0131
covtype,1000,20,100000,,1.6363636,4.8243,1.6083,1.2080,0.1361,0.03190198475923387,0.013514992681328759,0.6218,0.2320,0.0196,0.0131
Bigcross,100,57,1162000,,1.6666666,4.732925989672977,1.5777,1.1698,0.1415,0.020292133671470855,0.007258225628507349,0.6339,0.2750,0.0136,0.0092
covtype,10,20,500000,,1.6428572,4.47486,1.4917,1.1462,0.1433,0.02115352565263403,0.007061540594025184,0.6704,0.3135,0.0119,0.0077
covtype,100,20,500000,,1.6428572,4.47486,1.4917,1.1462,0.1433,0.021153525652633894,0.00706154059402517,0.6704,0.3135,0.0119,0.0077
covtype,1000,20,500000,,1.6428572,4.47486,1.4917,1.1462,0.1433,0.021153525652633766,0.007061540594025158,0.6704,0.3135,0.0119,0.0077
covtype,10,30,1000,,1.6,4.62,1.5600,1.1962,0.1860,0.15551246384625847,0.05310315800896018,0.6410,0.2204,0.0950,0.0472
covtype,100,30,1000,,1.6,4.62,1.5600,1.1962,0.1860,0.15551246384625844,0.05310315800896019,0.6410,0.2204,0.0950,0.0472
covtype,1000,30,1000,,1.6,4.62,1.5600,1.1962,0.1860,0.15551246384625841,0.053103158008960184,0.6410,0.2204,0.0950,0.0472
covtype,10,30,5000,,2.0,4.614,1.5420,1.3841,0.3207,0.054626572189797426,0.030858588236653123,0.6485,0.2565,0.0303,0.0247
covtype,100,30,5000,,2.0,4.614,1.5420,1.3841,0.3207,0.05462657218979742,0.03085858823665313,0.6485,0.2565,0.0303,0.0247
covtype,1000,30,5000,,2.0,4.614,1.5420,1.3841,0.3207,0.054626572189797426,0.030858588236653137,0.6485,0.2565,0.0303,0.0247
covtype,10,30,10000,,1.875,4.485,1.4970,1.3432,0.2779,0.048658736002806804,0.02342880287110937,0.6680,0.2834,0.0262,0.0214
covtype,100,30,10000,,1.875,4.485,1.4970,1.3432,0.2779,0.04865873600280683,0.02342880287110938,0.6680,0.2834,0.0262,0.0214
covtype,1000,30,10000,,1.875,4.485,1.4970,1.3432,0.2779,0.0486587360028068,0.023428802871109378,0.6680,0.2834,0.0262,0.0214
covtype,10,30,50000,,1.7,4.8264,1.6092,1.2334,0.1570,0.03728476026719573,0.017794200036249833,0.6214,0.2327,0.0234,0.0170
covtype,100,30,50000,,1.7,4.8264,1.6092,1.2334,0.1570,0.037284760267195696,0.017794200036249857,0.6214,0.2327,0.0234,0.0170
covtype,1000,30,50000,,1.7,4.8264,1.6092,1.2334,0.1570,0.037284760267195786,0.017794200036249864,0.6214,0.2327,0.0234,0.0170
covtype,10,30,100000,,1.6363636,4.7928,1.5978,1.2055,0.1354,0.03218397731810954,0.013637578326939253,0.6259,0.2299,0.0198,0.0129
covtype,100,30,100000,,1.6363636,4.7928,1.5978,1.2055,0.1354,0.03218397731810954,0.013637578326939275,0.6259,0.2299,0.0198,0.0129
covtype,1000,30,100000,,1.6363636,4.7928,1.5978,1.2055,0.1354,0.03218397731810962,0.013637578326939254,0.6259,0.2299,0.0198,0.0129
Bigcross,1000,57,1162000,,1.6666666,4.732925989672977,1.5777,1.1698,0.1415,0.020292133671470907,0.00725822562850746,0.6339,0.2750,0.0136,0.0092
covtype,10,30,500000,,1.6428572,4.497179999999999,1.4991,1.1458,0.1419,0.02113652685870843,0.007057923899427973,0.6671,0.3059,0.0119,0.0077
Bigcross,10,2,500000,,1.3571428,0.01014,0.0003,1.2857,0.0000,0.0,0.0,3333.3333,1080.2000,0.0000,0.0000
Bigcross,100,2,500000,,1.3571428,0.01014,0.0003,1.2857,0.0000,0.0,0.0,3333.3333,1080.2000,0.0000,0.0000
Bigcross,1000,2,500000,,1.3571428,0.01014,0.0003,1.2857,0.0000,0.0,0.0,3333.3333,1080.2000,0.0000,0.0000
Bigcross,10,2,1000000,,1.3333334,0.00921,0.0003,1.2667,0.0000,0.0,0.0,3703.7037,480.0679,0.0000,0.0000
Bigcross,100,2,1000000,,1.3333334,0.00921,0.0003,1.2667,0.0000,0.0,0.0,3703.7037,480.0679,0.0000,0.0000
Bigcross,1000,2,1000000,,1.3333334,0.00921,0.0003,1.2667,0.0000,0.0,0.0,3703.7037,480.0679,0.0000,0.0000
Bigcross,10,10,1000,,2.0,4.529999999999999,1.5300,1.3373,0.3486,0.06283920824915465,0.02307009230152266,0.6536,0.2072,0.0318,0.0168
Bigcross,100,10,1000,,2.0,4.529999999999999,1.5300,1.3373,0.3486,0.06283920824915463,0.023070092301522665,0.6536,0.2072,0.0318,0.0168
Bigcross,1000,10,1000,,2.0,4.529999999999999,1.5300,1.3373,0.3486,0.06283920824915463,0.02307009230152266,0.6536,0.2072,0.0318,0.0168
Bigcross,10,10,5000,,1.8571428,4.74,1.5840,1.2906,0.2311,0.05029155008371828,0.018613255952852913,0.6313,0.2268,0.0262,0.0162
Bigcross,100,10,5000,,1.8571428,4.74,1.5840,1.2906,0.2311,0.0502915500837183,0.018613255952852903,0.6313,0.2268,0.0262,0.0162
Bigcross,1000,10,5000,,1.8571428,4.74,1.5840,1.2906,0.2311,0.050291550083718314,0.018613255952852906,0.6313,0.2268,0.0262,0.0162
Bigcross,10,10,10000,,1.75,4.782,1.5960,1.2477,0.2090,0.04922836125392524,0.020897759253957475,0.6266,0.2317,0.0266,0.0188
Bigcross,100,10,10000,,1.75,4.782,1.5960,1.2477,0.2090,0.049228361253925206,0.020897759253957465,0.6266,0.2317,0.0266,0.0188
Bigcross,1000,10,10000,,1.75,4.782,1.5960,1.2477,0.2090,0.049228361253925185,0.02089775925395748,0.6266,0.2317,0.0266,0.0188
Bigcross,10,10,50000,,1.7,4.675199999999999,1.5588,1.2526,0.1624,0.0335573753327545,0.01264777543393126,0.6415,0.2189,0.0174,0.0115
Bigcross,100,10,50000,,1.7,4.675199999999999,1.5588,1.2526,0.1624,0.033557375332754526,0.012647775433931256,0.6415,0.2189,0.0174,0.0115
Bigcross,1000,10,50000,,1.7,4.675199999999999,1.5588,1.2526,0.1624,0.033557375332754436,0.012647775433931256,0.6415,0.2189,0.0174,0.0115
Bigcross,10,10,100000,,1.6363636,4.6541999999999994,1.5516,1.2324,0.1540,0.02726665308944416,0.009204637106494808,0.6445,0.2174,0.0136,0.0079
Bigcross,100,10,100000,,1.6363636,4.6541999999999994,1.5516,1.2324,0.1540,0.02726665308944418,0.009204637106494806,0.6445,0.2174,0.0136,0.0079
Bigcross,1000,10,100000,,1.6363636,4.6541999999999994,1.5516,1.2324,0.1540,0.027266653089444023,0.00920463710649479,0.6445,0.2174,0.0136,0.0079
covtype,100,30,500000,,1.6428572,4.497179999999999,1.4991,1.1458,0.1419,0.021136526858708503,0.0070579238994279555,0.6671,0.3059,0.0119,0.0077
Bigcross,10,10,500000,,1.5714285,4.563059999999999,1.5211,1.1426,0.1242,0.02047611836133384,0.005702398840537846,0.6574,0.2473,0.0104,0.0061
covtype,1000,30,500000,,1.6428572,4.497179999999999,1.4991,1.1458,0.1419,0.021136526858708465,0.007057923899427969,0.6671,0.3059,0.0119,0.0077
covtype,10,40,1000,,1.8,4.8,1.6200,1.2259,0.2374,0.14198915794509512,0.04636909745242367,0.6173,0.2104,0.0957,0.0488
covtype,100,40,1000,,1.8,4.8,1.6200,1.2259,0.2374,0.14198915794509512,0.04636909745242367,0.6173,0.2104,0.0957,0.0488
covtype,1000,40,1000,,1.8,4.8,1.6200,1.2259,0.2374,0.14198915794509515,0.04636909745242369,0.6173,0.2104,0.0957,0.0488
covtype,10,40,5000,,2.0,4.776000000000001,1.5960,1.4211,0.3385,0.0529487039420672,0.029855261708545234,0.6266,0.2891,0.0308,0.0279
covtype,100,40,5000,,2.0,4.776000000000001,1.5960,1.4211,0.3385,0.052948703942067125,0.029855261708545237,0.6266,0.2891,0.0308,0.0279
covtype,1000,40,5000,,2.0,4.776000000000001,1.5960,1.4211,0.3385,0.05294870394206714,0.029855261708545248,0.6266,0.2891,0.0308,0.0279
covtype,10,40,10000,,1.875,4.53,1.5120,1.3549,0.2849,0.04839489838969613,0.023065187180385468,0.6614,0.2369,0.0257,0.0198
covtype,100,40,10000,,1.875,4.53,1.5120,1.3549,0.2849,0.048394898389696114,0.023065187180385457,0.6614,0.2369,0.0257,0.0198
covtype,1000,40,10000,,1.875,4.53,1.5120,1.3549,0.2849,0.048394898389696156,0.02306518718038545,0.6614,0.2369,0.0257,0.0198
covtype,10,40,50000,,1.7,4.7616,1.5876,1.2350,0.1582,0.037509988877834875,0.01844022036871839,0.6299,0.2329,0.0230,0.0163
covtype,100,40,50000,,1.7,4.7616,1.5876,1.2350,0.1582,0.037509988877834924,0.01844022036871839,0.6299,0.2329,0.0230,0.0163
covtype,1000,40,50000,,1.7,4.7616,1.5876,1.2350,0.1582,0.037509988877834924,0.01844022036871836,0.6299,0.2329,0.0230,0.0163
covtype,10,40,100000,,1.5454545,4.8189,1.6065,1.2061,0.1338,0.031997499514799736,0.0134981871198217,0.6225,0.2320,0.0197,0.0134
covtype,100,40,100000,,1.5454545,4.8189,1.6065,1.2061,0.1338,0.03199749951479978,0.013498187119821738,0.6225,0.2320,0.0197,0.0134
covtype,1000,40,100000,,1.5454545,4.8189,1.6065,1.2061,0.1338,0.03199749951479982,0.013498187119821717,0.6225,0.2320,0.0197,0.0134
Bigcross,100,10,500000,,1.5714285,4.563059999999999,1.5211,1.1426,0.1242,0.020476118361334075,0.005702398840537841,0.6574,0.2473,0.0104,0.0061
Bigcross,1000,10,500000,,1.5714285,4.563059999999999,1.5211,1.1426,0.1242,0.02047611836133405,0.005702398840537788,0.6574,0.2473,0.0104,0.0061
covtype,10,40,500000,,1.6428572,4.443359999999999,1.4812,1.1487,0.1445,0.02122214236801577,0.007172280503118307,0.6751,0.3186,0.0119,0.0077
covtype,100,40,500000,,1.6428572,4.443359999999999,1.4812,1.1487,0.1445,0.021222142368015867,0.007172280503118303,0.6751,0.3186,0.0119,0.0077
covtype,1000,40,500000,,1.6428572,4.443359999999999,1.4812,1.1487,0.1445,0.021222142368015715,0.007172280503118293,0.6751,0.3186,0.0119,0.0077
covtype,10,50,1000,,1.8,4.62,1.5600,1.2115,0.2163,0.1484393289041507,0.054290197934925566,0.6410,0.2263,0.0950,0.0516
covtype,100,50,1000,,1.8,4.62,1.5600,1.2115,0.2163,0.14843932890415076,0.05429019793492555,0.6410,0.2263,0.0950,0.0516
covtype,1000,50,1000,,1.8,4.62,1.5600,1.2115,0.2163,0.14843932890415074,0.05429019793492555,0.6410,0.2263,0.0950,0.0516
covtype,10,50,5000,,1.8571428,4.812,1.6080,1.3582,0.2882,0.05248163734594482,0.028630740188625898,0.6219,0.2287,0.0307,0.0261
covtype,100,50,5000,,1.8571428,4.812,1.6080,1.3582,0.2882,0.052481637345944895,0.02863074018862591,0.6219,0.2287,0.0307,0.0261
covtype,1000,50,5000,,1.8571428,4.812,1.6080,1.3582,0.2882,0.05248163734594481,0.028630740188625898,0.6219,0.2287,0.0307,0.0261
covtype,10,50,10000,,1.75,4.7010000000000005,1.5690,1.3198,0.2423,0.04685655199117779,0.023770730821931877,0.6373,0.2175,0.0260,0.0203
covtype,100,50,10000,,1.75,4.7010000000000005,1.5690,1.3198,0.2423,0.0468565519911778,0.023770730821931863,0.6373,0.2175,0.0260,0.0203
covtype,1000,50,10000,,1.75,4.7010000000000005,1.5690,1.3198,0.2423,0.0468565519911778,0.02377073082193188,0.6373,0.2175,0.0260,0.0203
covtype,10,50,50000,,1.7,4.8138,1.6050,1.2332,0.1545,0.037377618612318676,0.01811737319791826,0.6231,0.2353,0.0232,0.0167
covtype,100,50,50000,,1.7,4.8138,1.6050,1.2332,0.1545,0.0373776186123187,0.018117373197918243,0.6231,0.2353,0.0232,0.0167
covtype,1000,50,50000,,1.7,4.8138,1.6050,1.2332,0.1545,0.03737761861231883,0.018117373197918247,0.6231,0.2353,0.0232,0.0167
covtype,10,50,100000,,1.6363636,4.7973,1.5993,1.2098,0.1399,0.03220670146004657,0.013561686074353697,0.6253,0.2320,0.0196,0.0131
covtype,100,50,100000,,1.6363636,4.7973,1.5993,1.2098,0.1399,0.032206701460046776,0.013561686074353726,0.6253,0.2320,0.0196,0.0131
covtype,1000,50,100000,,1.6363636,4.7973,1.5993,1.2098,0.1399,0.03220670146004682,0.013561686074353678,0.6253,0.2320,0.0196,0.0131
Bigcross,10,10,1000000,,1.6,4.59849,1.5328,1.1375,0.1179,0.018565630399441098,0.005548561408312557,0.6524,0.2556,0.0096,0.0056
covtype,10,50,500000,,1.6428572,4.47558,1.4919,1.1459,0.1431,0.021174647257577242,0.007117734853550021,0.6703,0.3139,0.0119,0.0078
NYC,10,2,3500455,,1.6875,1.9831279076577188,0.5897,1.2477,0.1371,4.854031146338686E-5,2.3681052647499146E-4,1.6958,2.5632,0.0000,0.0003
covtype,100,50,500000,,1.6428572,4.47558,1.4919,1.1459,0.1431,0.021174647257577263,0.007117734853550047,0.6703,0.3139,0.0119,0.0078
covtype,1000,50,500000,,1.6428572,4.47558,1.4919,1.1459,0.1431,0.021174647257577,0.007117734853550047,0.6703,0.3139,0.0119,0.0078
Bigcross,100,10,1000000,,1.6,4.59849,1.5328,1.1375,0.1179,0.018565630399441015,0.005548561408312586,0.6524,0.2556,0.0096,0.0056
Bigcross,1000,10,1000000,,1.6,4.59849,1.5328,1.1375,0.1179,0.018565630399441133,0.005548561408312613,0.6524,0.2556,0.0096,0.0056
Bigcross,10,20,1000,,2.0,4.17,1.4100,1.3830,0.4284,0.10510872588879065,0.06351166291555786,0.7092,0.4096,0.0667,0.0513
Bigcross,100,20,1000,,2.0,4.17,1.4100,1.3830,0.4284,0.10510872588879067,0.06351166291555786,0.7092,0.4096,0.0667,0.0513
Bigcross,1000,20,1000,,2.0,4.17,1.4100,1.3830,0.4284,0.10510872588879065,0.06351166291555786,0.7092,0.4096,0.0667,0.0513
Bigcross,10,20,5000,,2.0,4.7940000000000005,1.6020,1.3098,0.2456,0.08203903406430153,0.04153511563491066,0.6242,0.2414,0.0507,0.0479
Bigcross,100,20,5000,,2.0,4.7940000000000005,1.6020,1.3098,0.2456,0.0820390340643016,0.04153511563491068,0.6242,0.2414,0.0507,0.0479
Bigcross,1000,20,5000,,2.0,4.7940000000000005,1.6020,1.3098,0.2456,0.08203903406430169,0.04153511563491068,0.6242,0.2414,0.0507,0.0479
Bigcross,10,20,10000,,1.625,4.611000000000001,1.5390,1.2108,0.1747,0.0707005151241106,0.029260050746275273,0.6498,0.2134,0.0392,0.0237
Bigcross,100,20,10000,,1.625,4.611000000000001,1.5390,1.2108,0.1747,0.07070051512411057,0.029260050746275253,0.6498,0.2134,0.0392,0.0237
Bigcross,1000,20,10000,,1.625,4.611000000000001,1.5390,1.2108,0.1747,0.07070051512411053,0.029260050746275267,0.6498,0.2134,0.0392,0.0237
Bigcross,10,20,50000,,1.8,4.7184,1.5732,1.2277,0.1627,0.05123484357313581,0.015386040115120415,0.6356,0.2262,0.0269,0.0152
Bigcross,100,20,50000,,1.8,4.7184,1.5732,1.2277,0.1627,0.05123484357313597,0.01538604011512042,0.6356,0.2262,0.0269,0.0152
Bigcross,1000,20,50000,,1.8,4.7184,1.5732,1.2277,0.1627,0.05123484357313586,0.015386040115120417,0.6356,0.2262,0.0269,0.0152
Bigcross,10,20,100000,,1.7272727,4.6389,1.5465,1.2266,0.1644,0.041406806497207,0.010780091082994613,0.6466,0.2294,0.0211,0.0106
Bigcross,100,20,100000,,1.7272727,4.6389,1.5465,1.2266,0.1644,0.04140680649720703,0.010780091082994622,0.6466,0.2294,0.0211,0.0106
Bigcross,1000,20,100000,,1.7272727,4.6389,1.5465,1.2266,0.1644,0.041406806497206856,0.010780091082994622,0.6466,0.2294,0.0211,0.0106
Bigcross,10,20,500000,,1.6428572,4.6194,1.5398,1.1468,0.1413,0.024946285734098923,0.00853064855716347,0.6494,0.2919,0.0166,0.0104
Bigcross,100,20,500000,,1.6428572,4.6194,1.5398,1.1468,0.1413,0.02494628573409891,0.008530648557163479,0.6494,0.2919,0.0166,0.0104
Bigcross,1000,20,500000,,1.6428572,4.6194,1.5398,1.1468,0.1413,0.024946285734098888,0.008530648557163532,0.6494,0.2919,0.0166,0.0104
Bigcross,10,20,1000000,,1.6666666,4.59516,1.5317,1.1441,0.1348,0.02205853468494719,0.007567287411748035,0.6529,0.3182,0.0143,0.0096
Bigcross,100,20,1000000,,1.6666666,4.59516,1.5317,1.1441,0.1348,0.022058534684947135,0.007567287411748115,0.6529,0.3182,0.0143,0.0096
Bigcross,1000,20,1000000,,1.6666666,4.59516,1.5317,1.1441,0.1348,0.022058534684946965,0.007567287411748125,0.6529,0.3182,0.0143,0.0096
Bigcross,10,30,1000,,2.0,4.529999999999999,1.5300,1.3569,0.3722,0.09906326471592632,0.06009307926852008,0.6536,0.2485,0.0616,0.0550
Bigcross,100,30,1000,,2.0,4.529999999999999,1.5300,1.3569,0.3722,0.09906326471592634,0.060093079268520075,0.6536,0.2485,0.0616,0.0550
Bigcross,1000,30,1000,,2.0,4.529999999999999,1.5300,1.3569,0.3722,0.09906326471592637,0.06009307926852008,0.6536,0.2485,0.0616,0.0550
Bigcross,10,30,5000,,1.8571428,4.902,1.6380,1.2831,0.2158,0.08071811518321818,0.03809874069091163,0.6105,0.2399,0.0500,0.0484
Bigcross,100,30,5000,,1.8571428,4.902,1.6380,1.2831,0.2158,0.0807181151832182,0.03809874069091164,0.6105,0.2399,0.0500,0.0484
Bigcross,1000,30,5000,,1.8571428,4.902,1.6380,1.2831,0.2158,0.08071811518321824,0.03809874069091159,0.6105,0.2399,0.0500,0.0484
Bigcross,10,30,10000,,1.75,4.7010000000000005,1.5690,1.2299,0.1851,0.06911972751439578,0.027858100856448492,0.6373,0.2157,0.0400,0.0282
Bigcross,100,30,10000,,1.75,4.7010000000000005,1.5690,1.2299,0.1851,0.06911972751439589,0.027858100856448475,0.6373,0.2157,0.0400,0.0282
Bigcross,1000,30,10000,,1.75,4.7010000000000005,1.5690,1.2299,0.1851,0.06911972751439593,0.027858100856448482,0.6373,0.2157,0.0400,0.0282
Bigcross,10,30,50000,,1.7,4.74,1.5804,1.2255,0.1607,0.05089138156329273,0.015495382730301276,0.6328,0.2388,0.0269,0.0158
Bigcross,100,30,50000,,1.7,4.74,1.5804,1.2255,0.1607,0.050891381563292766,0.015495382730301294,0.6328,0.2388,0.0269,0.0158
Bigcross,1000,30,50000,,1.7,4.74,1.5804,1.2255,0.1607,0.05089138156329266,0.015495382730301273,0.6328,0.2388,0.0269,0.0158
Bigcross,10,30,100000,,1.7272727,4.676699999999999,1.5591,1.2433,0.1730,0.0414375835534823,0.010984360356660498,0.6414,0.2362,0.0214,0.0115
Bigcross,100,30,100000,,1.7272727,4.676699999999999,1.5591,1.2433,0.1730,0.041437583553482385,0.010984360356660512,0.6414,0.2362,0.0214,0.0115
Bigcross,1000,30,100000,,1.7272727,4.676699999999999,1.5591,1.2433,0.1730,0.04143758355348227,0.0109843603566605,0.6414,0.2362,0.0214,0.0115
Bigcross,10,30,500000,,1.5714285,4.61994,1.5400,1.1466,0.1387,0.02495985203904867,0.00850946001947152,0.6493,0.2897,0.0166,0.0104
Bigcross,100,30,500000,,1.5714285,4.61994,1.5400,1.1466,0.1387,0.02495985203904884,0.008509460019471475,0.6493,0.2897,0.0166,0.0104
Bigcross,1000,30,500000,,1.5714285,4.61994,1.5400,1.1466,0.1387,0.024959852039048765,0.008509460019471556,0.6493,0.2897,0.0166,0.0104
NYC,100,2,3500455,,1.6875,1.9831279076577188,0.5897,1.2477,0.1371,4.854031146338625E-5,2.368105264749881E-4,1.6958,2.5632,0.0000,0.0003
Bigcross,10,30,1000000,,1.5333333,4.61919,1.5397,1.1409,0.1329,0.021999222765287322,0.007520625031880657,0.6495,0.3073,0.0142,0.0095
Bigcross,100,30,1000000,,1.5333333,4.61919,1.5397,1.1409,0.1329,0.02199922276528775,0.007520625031880665,0.6495,0.3073,0.0142,0.0095
Bigcross,1000,30,1000000,,1.5333333,4.61919,1.5397,1.1409,0.1329,0.021999222765287717,0.0075206250318805585,0.6495,0.3073,0.0142,0.0095
Bigcross,10,40,1000,,2.2,4.17,1.4100,1.4128,0.4729,0.10781151037897288,0.06323550002280405,0.7092,0.3124,0.0646,0.0508
Bigcross,100,40,1000,,2.2,4.17,1.4100,1.4128,0.4729,0.10781151037897288,0.06323550002280405,0.7092,0.3124,0.0646,0.0508
Bigcross,1000,40,1000,,2.2,4.17,1.4100,1.4128,0.4729,0.10781151037897284,0.06323550002280406,0.7092,0.3124,0.0646,0.0508
Bigcross,10,40,5000,,1.8571428,4.722,1.5780,1.2917,0.2470,0.08208280538412487,0.04063019387909753,0.6337,0.2431,0.0478,0.0450
Bigcross,100,40,5000,,1.8571428,4.722,1.5780,1.2917,0.2470,0.08208280538412484,0.04063019387909754,0.6337,0.2431,0.0478,0.0450
Bigcross,1000,40,5000,,1.8571428,4.722,1.5780,1.2917,0.2470,0.08208280538412488,0.04063019387909757,0.6337,0.2431,0.0478,0.0450
Bigcross,10,40,10000,,1.625,4.6290000000000004,1.5450,1.2141,0.1729,0.07003294609450024,0.0294709992728238,0.6472,0.2293,0.0400,0.0272
Bigcross,100,40,10000,,1.625,4.6290000000000004,1.5450,1.2141,0.1729,0.07003294609450023,0.02947099927282379,0.6472,0.2293,0.0400,0.0272
Bigcross,1000,40,10000,,1.625,4.6290000000000004,1.5450,1.2141,0.1729,0.07003294609450013,0.02947099927282378,0.6472,0.2293,0.0400,0.0272
Bigcross,10,40,50000,,1.7,4.727399999999999,1.5762,1.2293,0.1649,0.051293955151366706,0.015528738059822219,0.6344,0.2282,0.0266,0.0149
Bigcross,100,40,50000,,1.7,4.727399999999999,1.5762,1.2293,0.1649,0.051293955151366755,0.015528738059822206,0.6344,0.2282,0.0266,0.0149
Bigcross,1000,40,50000,,1.7,4.727399999999999,1.5762,1.2293,0.1649,0.05129395515136688,0.015528738059822179,0.6344,0.2282,0.0266,0.0149
Bigcross,10,40,100000,,1.7272727,4.604699999999999,1.5351,1.2383,0.1763,0.041669470115954094,0.01120039189484651,0.6514,0.2351,0.0211,0.0104
Bigcross,100,40,100000,,1.7272727,4.604699999999999,1.5351,1.2383,0.1763,0.04166947011595397,0.011200391894846494,0.6514,0.2351,0.0211,0.0104
Bigcross,1000,40,100000,,1.7272727,4.604699999999999,1.5351,1.2383,0.1763,0.04166947011595429,0.011200391894846489,0.6514,0.2351,0.0211,0.0104
Bigcross,10,40,500000,,1.6428572,4.60464,1.5349,1.1485,0.1416,0.025000695875543388,0.008537194066183633,0.6515,0.2940,0.0166,0.0104
Bigcross,100,40,500000,,1.6428572,4.60464,1.5349,1.1485,0.1416,0.02500069587554318,0.008537194066183711,0.6515,0.2940,0.0166,0.0104
Bigcross,1000,40,500000,,1.6428572,4.60464,1.5349,1.1485,0.1416,0.02500069587554298,0.008537194066183675,0.6515,0.2940,0.0166,0.0104
Bigcross,10,40,1000000,,1.6666666,4.56204,1.5207,1.1461,0.1365,0.022130430013430315,0.007598559157624092,0.6576,0.3312,0.0142,0.0095
Bigcross,100,40,1000000,,1.6666666,4.56204,1.5207,1.1461,0.1365,0.022130430013430367,0.007598559157624163,0.6576,0.3312,0.0142,0.0095
Bigcross,1000,40,1000000,,1.6666666,4.56204,1.5207,1.1461,0.1365,0.022130430013430152,0.0075985591576241,0.6576,0.3312,0.0142,0.0095
Bigcross,10,50,1000,,2.2,4.4399999999999995,1.5000,1.4200,0.4512,0.10195015611030436,0.0637901873571923,0.6667,0.3108,0.0599,0.0501
Bigcross,100,50,1000,,2.2,4.4399999999999995,1.5000,1.4200,0.4512,0.1019501561103044,0.06379018735719232,0.6667,0.3108,0.0599,0.0501
Bigcross,1000,50,1000,,2.2,4.4399999999999995,1.5000,1.4200,0.4512,0.10195015611030438,0.0637901873571923,0.6667,0.3108,0.0599,0.0501
Bigcross,10,50,5000,,2.0,4.722,1.5780,1.3183,0.2687,0.0847178156206463,0.04260181039733937,0.6337,0.2328,0.0475,0.0407
Bigcross,100,50,5000,,2.0,4.722,1.5780,1.3183,0.2687,0.08471781562064626,0.04260181039733936,0.6337,0.2328,0.0475,0.0407
Bigcross,1000,50,5000,,2.0,4.722,1.5780,1.3183,0.2687,0.08471781562064627,0.04260181039733935,0.6337,0.2328,0.0475,0.0407
Bigcross,10,50,10000,,1.625,4.656000000000001,1.5540,1.2155,0.1747,0.07014949417740357,0.029953257166771656,0.6435,0.2220,0.0401,0.0282
Bigcross,100,50,10000,,1.625,4.656000000000001,1.5540,1.2155,0.1747,0.07014949417740364,0.02995325716677165,0.6435,0.2220,0.0401,0.0282
Bigcross,1000,50,10000,,1.625,4.656000000000001,1.5540,1.2155,0.1747,0.0701494941774036,0.02995325716677165,0.6435,0.2220,0.0401,0.0282
Bigcross,10,50,50000,,1.7,4.7382,1.5798,1.2305,0.1646,0.05112948707708906,0.016008875266168964,0.6330,0.2284,0.0270,0.0157
Bigcross,100,50,50000,,1.7,4.7382,1.5798,1.2305,0.1646,0.05112948707708902,0.01600887526616897,0.6330,0.2284,0.0270,0.0157
Bigcross,1000,50,50000,,1.7,4.7382,1.5798,1.2305,0.1646,0.05112948707708884,0.016008875266168964,0.6330,0.2284,0.0270,0.0157
Bigcross,10,50,100000,,1.7272727,4.6613999999999995,1.5540,1.2236,0.1574,0.0415258491869323,0.011047490559167662,0.6435,0.2275,0.0212,0.0110
Bigcross,100,50,100000,,1.7272727,4.6613999999999995,1.5540,1.2236,0.1574,0.04152584918693217,0.011047490559167684,0.6435,0.2275,0.0212,0.0110
Bigcross,1000,50,100000,,1.7272727,4.6613999999999995,1.5540,1.2236,0.1574,0.041525849186932154,0.011047490559167686,0.6435,0.2275,0.0212,0.0110
Bigcross,10,50,500000,,1.5714285,4.65612,1.5521,1.1469,0.1400,0.02488662609119388,0.008501685181546514,0.6443,0.2838,0.0166,0.0103
Bigcross,100,50,500000,,1.5714285,4.65612,1.5521,1.1469,0.1400,0.02488662609119399,0.008501685181546524,0.6443,0.2838,0.0166,0.0103
Bigcross,1000,50,500000,,1.5714285,4.65612,1.5521,1.1469,0.1400,0.02488662609119416,0.008501685181546466,0.6443,0.2838,0.0166,0.0103
NYC,1000,2,3500455,,1.6875,1.9831279076577188,0.5897,1.2477,0.1371,4.854031146338756E-5,2.368105264750083E-4,1.6958,2.5632,0.0000,0.0003
NYC,10,2,1000,,1.8,4.26,1.4400,1.4375,0.2934,0.015219676339222532,0.06075605038775112,0.6944,0.1570,0.0191,0.0833
NYC,100,2,1000,,1.8,4.26,1.4400,1.4375,0.2934,0.015219676339222525,0.06075605038775113,0.6944,0.1570,0.0191,0.0833
NYC,1000,2,1000,,1.8,4.26,1.4400,1.4375,0.2934,0.01521967633922253,0.06075605038775112,0.6944,0.1570,0.0191,0.0833
NYC,10,2,5000,,1.7142857,4.056,1.3560,1.3451,0.2075,0.0028778834627251016,0.012565065108376147,0.7375,0.1795,0.0035,0.0208
NYC,100,2,5000,,1.7142857,4.056,1.3560,1.3451,0.2075,0.0028778834627251,0.012565065108376156,0.7375,0.1795,0.0035,0.0208
NYC,1000,2,5000,,1.7142857,4.056,1.3560,1.3451,0.2075,0.0028778834627250986,0.01256506510837616,0.7375,0.1795,0.0035,0.0208
NYC,10,2,10000,,1.625,4.683,1.5630,1.3452,0.1836,0.0015640779263176722,0.009899165542658794,0.6398,0.2278,0.0016,0.0127
NYC,100,2,10000,,1.625,4.683,1.5630,1.3452,0.1836,0.0015640779263176733,0.009899165542658796,0.6398,0.2278,0.0016,0.0127
NYC,1000,2,10000,,1.625,4.683,1.5630,1.3452,0.1836,0.0015640779263176733,0.009899165542658803,0.6398,0.2278,0.0016,0.0127
NYC,10,2,50000,,1.8,4.5762,1.5258,1.4044,0.1725,4.2574791035875775E-4,0.008412640970314746,0.6554,0.2697,0.0004,0.0114
NYC,100,2,50000,,1.8,4.5762,1.5258,1.4044,0.1725,4.257479103587576E-4,0.008412640970314729,0.6554,0.2697,0.0004,0.0114
NYC,1000,2,50000,,1.8,4.5762,1.5258,1.4044,0.1725,4.2574791035875575E-4,0.00841264097031474,0.6554,0.2697,0.0004,0.0114
NYC,10,2,100000,,1.7272727,4.3793999999999995,1.4598,1.3786,0.1713,2.3356420773373363E-4,0.0022038273608287373,0.6850,0.3255,0.0002,0.0048
NYC,100,2,100000,,1.7272727,4.3793999999999995,1.4598,1.3786,0.1713,2.3356420773373342E-4,0.0022038273608287434,0.6850,0.3255,0.0002,0.0048
NYC,1000,2,100000,,1.7272727,4.3793999999999995,1.4598,1.3786,0.1713,2.3356420773373344E-4,0.0022038273608287282,0.6850,0.3255,0.0002,0.0048
NYC,10,2,500000,,1.7142857,3.36096,1.0906,1.2450,0.1477,1.0392572192616816E-4,0.001399332787514682,0.9170,0.7649,0.0001,0.0019
NYC,100,2,500000,,1.7142857,3.36096,1.0906,1.2450,0.1477,1.0392572192616845E-4,0.0013993327875144364,0.9170,0.7649,0.0001,0.0019
Bigcross,10,50,1000000,,1.6,4.583279999999999,1.5278,1.1462,0.1358,0.02211115053919383,0.007550823052772341,0.6545,0.3228,0.0142,0.0095
NYC,1000,2,500000,,1.7142857,3.36096,1.0906,1.2450,0.1477,1.0392572192616925E-4,0.0013993327875143542,0.9170,0.7649,0.0001,0.0019
Bigcross,100,50,1000000,,1.6,4.583279999999999,1.5278,1.1462,0.1358,0.022111150539193842,0.00755082305277235,0.6545,0.3228,0.0142,0.0095
NYC,10,2,1000000,,1.7333333,2.72919,0.8617,1.2217,0.1448,8.03478294888399E-5,5.666623502106907E-4,1.1604,1.2947,0.0001,0.0007
Bigcross,1000,50,1000000,,1.6,4.583279999999999,1.5278,1.1462,0.1358,0.022111150539193793,0.007550823052772242,0.6545,0.3228,0.0142,0.0095
NYC,100,2,1000000,,1.7333333,2.72919,0.8617,1.2217,0.1448,8.034782948884062E-5,5.666623502106956E-4,1.1604,1.2947,0.0001,0.0007
NYC,1000,2,1000000,,1.7333333,2.72919,0.8617,1.2217,0.1448,8.034782948884181E-5,5.666623502106971E-4,1.1604,1.2947,0.0001,0.0007
